"siteID","date","site.date","ndvi","gazelleThomsons.count","gazelleThomsons.present","topi.count","topi.present","zebra.count","zebra.present","fire","amRivDist","TM100","LriskDry","T50"
"B06","2012-01-01","B062012-01-01",0.755349801068246,0,0,0,0,0,0,0,4135.914833,0,0.001216255,500
"B06","2012-01-09","B062012-01-09",0.679288094017271,0,0,0,0,0,0,0,4135.914833,0,0.001216255,500
"B06","2012-01-17","B062012-01-17",0.57744157177307,0,0,0,0,0,0,0,4135.914833,0,0.001216255,500
"B06","2012-01-25","B062012-01-25",0.522514134087596,0,0,0,0,0,0,0,4135.914833,0,0.001216255,500
"B06","2012-02-02","B062012-02-02",0.483226773846017,0,0,0,0,16,1,0,4135.914833,0,0.001216255,500
"B06","2012-02-10","B062012-02-10",0.424009461856889,1,1,0,0,47,1,0,4135.914833,0,0.001216255,500
"B06","2012-02-18","B062012-02-18",0.390917018211614,0,0,0,0,118,1,0,4135.914833,0,0.001216255,500
"B06","2012-02-26","B062012-02-26",0.5479298769116,0,0,0,0,26,1,0,4135.914833,0,0.001216255,500
"B06","2012-03-05","B062012-03-05",0.595590975471733,0,0,1,1,6,1,0,4135.914833,0,0.001216255,500
"B06","2012-03-13","B062012-03-13",0.62779623480775,0,0,0,0,2,1,0,4135.914833,0,0.001216255,500
"B06","2012-03-21","B062012-03-21",0.607744784123077,0,0,0,0,1,1,0,4135.914833,0,0.001216255,500
"B06","2012-03-29","B062012-03-29",0.53098116955303,0,0,0,0,0,0,0,4135.914833,0,0.001216255,500
"B06","2012-04-06","B062012-04-06",0.632265795040099,0,0,0,0,1,1,0,4135.914833,0,0.001216255,500
"B06","2012-04-14","B062012-04-14",0.662315075234511,0,0,0,0,1,1,0,4135.914833,0,0.001216255,500
"B06","2012-04-22","B062012-04-22",0.731640641070524,0,0,0,0,3,1,0,4135.914833,0,0.001216255,500
"B06","2012-04-30","B062012-04-30",0.82844745597856,5,1,0,0,0,0,0,4135.914833,0,0.001216255,500
"B06","2012-05-08","B062012-05-08",0.759891494083179,0,0,0,0,0,0,0,4135.914833,0,0.001216255,500
"B06","2012-05-16","B062012-05-16",0.773198121375222,0,0,0,0,1,1,0,4135.914833,0,0.001216255,500
"B06","2012-05-24","B062012-05-24",0.737366119218997,2,1,3,1,0,0,0,4135.914833,0,0.001216255,500
"B06","2012-06-01","B062012-06-01",0.633354755117522,3,1,0,0,4,1,0,4135.914833,0,0.001216255,500
"B06","2012-06-09","B062012-06-09",0.508532669597975,0,0,0,0,0,0,0,4135.914833,0,0.001216255,500
"B06","2012-06-17","B062012-06-17",0.500308812892393,0,0,0,0,32,1,0,4135.914833,0,0.001216255,500
"B06","2012-06-25","B062012-06-25",0.490358694850831,0,0,0,0,99,1,0,4135.914833,0,0.001216255,500
"B06","2012-07-03","B062012-07-03",0.455495442244695,1,1,0,0,16,1,0,4135.914833,0,0.001216255,500
"B06","2012-07-11","B062012-07-11",0.397387056323928,0,0,0,0,10,1,0,4135.914833,0,0.001216255,500
"B06","2012-07-19","B062012-07-19",0.355930982170772,0,0,0,0,0,0,0,4135.914833,0,0.001216255,500
"B06","2012-07-27","B062012-07-27",0.347832380069299,1,1,0,0,0,0,0,4135.914833,0,0.001216255,500
"B06","2012-08-04","B062012-08-04",0.335366007189289,1,1,0,0,3,1,0,4135.914833,0,0.001216255,500
"B06","2012-08-12","B062012-08-12",0.322162068073984,0,0,0,0,0,0,0,4135.914833,0,0.001216255,500
"B06","2012-08-20","B062012-08-20",0.331146235216251,0,0,0,0,0,0,0,4135.914833,0,0.001216255,500
"B06","2012-08-28","B062012-08-28",0.364050381661886,0,0,0,0,1,1,0,4135.914833,0,0.001216255,500
"B06","2012-09-05","B062012-09-05",0.364050381661886,0,0,0,0,0,0,0,4135.914833,0,0.001216255,500
"B06","2012-09-13","B062012-09-13",0.45195168399599,0,0,0,0,15,1,0,4135.914833,0,0.001216255,500
"B06","2012-09-21","B062012-09-21",0.449658045858408,0,0,0,0,1,1,0,4135.914833,0,0.001216255,500
"B06","2012-09-29","B062012-09-29",0.420118146904862,0,0,0,0,0,0,0,4135.914833,0,0.001216255,500
"B06","2012-10-07","B062012-10-07",0.350756045964881,0,0,0,0,47,1,0,4135.914833,0,0.001216255,500
"B06","2012-10-15","B062012-10-15",0.410964149570667,0,0,0,0,37,1,0,4135.914833,0,0.001216255,500
"B06","2012-10-23","B062012-10-23",0.36104160348848,0,0,0,0,35,1,0,4135.914833,0,0.001216255,500
"B06","2012-10-31","B062012-10-31",0.575507905519235,0,0,0,0,27,1,0,4135.914833,0,0.001216255,500
"B06","2012-11-08","B062012-11-08",0.623111574076828,0,0,0,0,11,1,0,4135.914833,0,0.001216255,500
"B06","2012-11-16","B062012-11-16",0.505971264512247,0,0,0,0,9,1,0,4135.914833,0,0.001216255,500
"B06","2012-11-24","B062012-11-24",0.542249030141329,0,0,0,0,10,1,0,4135.914833,0,0.001216255,500
"B06","2012-12-02","B062012-12-02",0.526128765824116,0,0,0,0,0,0,0,4135.914833,0,0.001216255,500
"B06","2012-12-10","B062012-12-10",0.555433987688666,0,0,0,0,2,1,0,4135.914833,0,0.001216255,500
"B06","2012-12-18","B062012-12-18",0.445398593559612,0,0,0,0,0,0,0,4135.914833,0,0.001216255,500
"B06","2012-12-26","B062012-12-26",0.165814507215884,0,0,0,0,0,0,0,4135.914833,0,0.001216255,500
"B07","2012-01-01","B072012-01-01",0.755713943900499,0,0,0,0,0,0,0,3908.45593,0,0.001029718,0
"B07","2012-01-09","B072012-01-09",0.703655568705965,0,0,0,0,0,0,0,3908.45593,0,0.001029718,0
"B07","2012-01-17","B072012-01-17",0.661455552710924,0,0,0,0,0,0,0,3908.45593,0,0.001029718,0
"B07","2012-01-25","B072012-01-25",0.568238993624829,0,0,0,0,0,0,0,3908.45593,0,0.001029718,0
"B07","2012-02-02","B072012-02-02",0.478545032067579,0,0,0,0,1,1,0,3908.45593,0,0.001029718,0
"B07","2012-02-10","B072012-02-10",0.434369549844186,2,1,0,0,2,1,0,3908.45593,0,0.001029718,0
"B07","2012-02-18","B072012-02-18",0.385381257489533,0,0,0,0,49,1,0,3908.45593,0,0.001029718,0
"B07","2012-02-26","B072012-02-26",0.473567717436441,4,1,0,0,1,1,0,3908.45593,0,0.001029718,0
"B07","2012-03-05","B072012-03-05",0.569309539600729,0,0,0,0,4,1,0,3908.45593,0,0.001029718,0
"B07","2012-03-13","B072012-03-13",0.598454357251753,0,0,0,0,0,0,0,3908.45593,0,0.001029718,0
"B07","2012-03-21","B072012-03-21",0.593061830944807,0,0,0,0,0,0,0,3908.45593,0,0.001029718,0
"B07","2012-03-29","B072012-03-29",0.585946205556397,0,0,1,1,5,1,0,3908.45593,0,0.001029718,0
"B07","2012-04-06","B072012-04-06",0.625766599553481,1,1,0,0,0,0,0,3908.45593,0,0.001029718,0
"B07","2012-04-14","B072012-04-14",0.664608236355356,0,0,0,0,0,0,0,3908.45593,0,0.001029718,0
"B07","2012-04-22","B072012-04-22",0.684848211673938,0,0,0,0,0,0,0,3908.45593,0,0.001029718,0
"B07","2012-04-30","B072012-04-30",0.732997958364904,0,0,0,0,0,0,0,3908.45593,0,0.001029718,0
"B07","2012-05-08","B072012-05-08",0.738271019256625,0,0,0,0,0,0,0,3908.45593,0,0.001029718,0
"B07","2012-05-16","B072012-05-16",0.769236413559816,0,0,0,0,0,0,0,3908.45593,0,0.001029718,0
"B07","2012-05-24","B072012-05-24",0.762593988709774,0,0,0,0,0,0,0,3908.45593,0,0.001029718,0
"B07","2012-06-01","B072012-06-01",0.677724288709147,0,0,0,0,0,0,0,3908.45593,0,0.001029718,0
"B07","2012-06-09","B072012-06-09",0.550942925681992,1,1,0,0,4,1,0,3908.45593,0,0.001029718,0
"B07","2012-06-17","B072012-06-17",0.513158187018196,5,1,0,0,24,1,0,3908.45593,0,0.001029718,0
"B07","2012-06-25","B072012-06-25",0.473593867522608,7,1,0,0,83,1,0,3908.45593,0,0.001029718,0
"B07","2012-07-03","B072012-07-03",0.423522940485073,15,1,0,0,0,0,0,3908.45593,0,0.001029718,0
"B07","2012-07-11","B072012-07-11",0.384382559708153,5,1,0,0,0,0,0,3908.45593,0,0.001029718,0
"B07","2012-07-19","B072012-07-19",0.333871526756572,26,1,0,0,0,0,0,3908.45593,0,0.001029718,0
"B07","2012-07-27","B072012-07-27",0.336708926292304,38,1,0,0,0,0,0,3908.45593,0,0.001029718,0
"B07","2012-08-04","B072012-08-04",0.276715889814286,74,1,0,0,0,0,1,3908.45593,0,0.001029718,0
"B07","2012-08-12","B072012-08-12",0.273613328521811,177,1,0,0,1,1,0,3908.45593,0,0.001029718,0
"B07","2012-08-20","B072012-08-20",0.28386133937444,26,1,0,0,0,0,0,3908.45593,0,0.001029718,0
"B07","2012-08-28","B072012-08-28",0.315836830398837,0,0,0,0,0,0,0,3908.45593,0,0.001029718,0
"B07","2012-09-05","B072012-09-05",0.315836830398837,0,0,0,0,0,0,0,3908.45593,0,0.001029718,0
"B07","2012-09-13","B072012-09-13",0.380875852157889,16,1,0,0,0,0,0,3908.45593,0,0.001029718,0
"B07","2012-09-21","B072012-09-21",0.347606150655487,53,1,0,0,0,0,0,3908.45593,0,0.001029718,0
"B07","2012-09-29","B072012-09-29",0.330744069878092,158,1,0,0,0,0,0,3908.45593,0,0.001029718,0
"B07","2012-10-07","B072012-10-07",0.294355375543504,137,1,0,0,1,1,0,3908.45593,0,0.001029718,0
"B07","2012-10-15","B072012-10-15",0.337743785551761,348,1,0,0,15,1,0,3908.45593,0,0.001029718,0
"B07","2012-10-23","B072012-10-23",0.278372264470203,130,1,0,0,33,1,0,3908.45593,0,0.001029718,0
"B07","2012-10-31","B072012-10-31",0.547532778709363,129,1,0,0,11,1,0,3908.45593,0,0.001029718,0
"B07","2012-11-08","B072012-11-08",0.579586062885329,34,1,0,0,5,1,0,3908.45593,0,0.001029718,0
"B07","2012-11-16","B072012-11-16",0.542223592419772,18,1,0,0,43,1,0,3908.45593,0,0.001029718,0
"B07","2012-11-24","B072012-11-24",0.419978215950537,46,1,0,0,33,1,0,3908.45593,0,0.001029718,0
"B07","2012-12-02","B072012-12-02",0.430720822943552,0,0,0,0,8,1,0,3908.45593,0,0.001029718,0
"B07","2012-12-10","B072012-12-10",0.482134438920043,9,1,0,0,0,0,0,3908.45593,0,0.001029718,0
"B07","2012-12-18","B072012-12-18",0.443830905524787,0,0,0,0,0,0,0,3908.45593,0,0.001029718,0
"B07","2012-12-26","B072012-12-26",0.162782097086484,8,1,0,0,2,1,0,3908.45593,0,0.001029718,0
"C09","2012-01-01","C092012-01-01",0.744517836604448,0,0,0,0,0,0,0,3693.014555,0,0.001261854,3
"C09","2012-01-09","C092012-01-09",0.686457316431085,0,0,0,0,0,0,0,3693.014555,0,0.001261854,3
"C09","2012-01-17","C092012-01-17",0.598146098733491,0,0,0,0,0,0,0,3693.014555,0,0.001261854,3
"C09","2012-01-25","C092012-01-25",0.570319041522495,0,0,0,0,0,0,0,3693.014555,0,0.001261854,3
"C09","2012-02-02","C092012-02-02",0.464007626167709,0,0,0,0,0,0,0,3693.014555,0,0.001261854,3
"C09","2012-02-10","C092012-02-10",0.394298064109756,0,0,0,0,3,1,0,3693.014555,0,0.001261854,3
"C09","2012-02-18","C092012-02-18",0.357608100904883,0,0,0,0,4,1,0,3693.014555,0,0.001261854,3
"C09","2012-02-26","C092012-02-26",0.467050563712987,0,0,0,0,30,1,0,3693.014555,0,0.001261854,3
"C09","2012-03-05","C092012-03-05",0.427307298424158,0,0,0,0,1,1,0,3693.014555,0,0.001261854,3
"C09","2012-03-13","C092012-03-13",0.458931872702381,0,0,0,0,0,0,0,3693.014555,0,0.001261854,3
"C09","2012-03-21","C092012-03-21",0.417771278086287,0,0,0,0,0,0,0,3693.014555,0,0.001261854,3
"C09","2012-03-29","C092012-03-29",0.366768284332244,0,0,0,0,0,0,0,3693.014555,0,0.001261854,3
"C09","2012-04-06","C092012-04-06",0.548436018129384,0,0,0,0,0,0,0,3693.014555,0,0.001261854,3
"C09","2012-04-14","C092012-04-14",0.654033856331992,0,0,0,0,0,0,0,3693.014555,0,0.001261854,3
"C09","2012-04-22","C092012-04-22",0.714348472445441,0,0,0,0,0,0,0,3693.014555,0,0.001261854,3
"C09","2012-04-30","C092012-04-30",0.591299167821921,0,0,0,0,0,0,0,3693.014555,0,0.001261854,3
"C09","2012-05-08","C092012-05-08",0.77140952753613,0,0,0,0,0,0,0,3693.014555,0,0.001261854,3
"C09","2012-05-16","C092012-05-16",0.743688274787256,0,0,0,0,0,0,0,3693.014555,0,0.001261854,3
"C09","2012-05-24","C092012-05-24",0.772898002155115,0,0,0,0,0,0,0,3693.014555,0,0.001261854,3
"C09","2012-06-01","C092012-06-01",0.660607886533792,0,0,0,0,2,1,0,3693.014555,0,0.001261854,3
"C09","2012-06-09","C092012-06-09",0.577420311660249,0,0,0,0,7,1,0,3693.014555,0,0.001261854,3
"C09","2012-06-17","C092012-06-17",0.55351382893347,0,0,0,0,0,0,0,3693.014555,0,0.001261854,3
"C09","2012-06-25","C092012-06-25",0.528056606595593,1,1,0,0,25,1,0,3693.014555,0,0.001261854,3
"C09","2012-07-03","C092012-07-03",0.485633740680861,0,0,0,0,0,0,0,3693.014555,0,0.001261854,3
"C09","2012-07-11","C092012-07-11",0.463805077403572,3,1,0,0,0,0,0,3693.014555,0,0.001261854,3
"C09","2012-07-19","C092012-07-19",0.363627145807556,1,1,0,0,0,0,0,3693.014555,0,0.001261854,3
"C09","2012-07-27","C092012-07-27",0.353842264419691,0,0,0,0,0,0,0,3693.014555,0,0.001261854,3
"C09","2012-08-04","C092012-08-04",0.338391235454151,0,0,0,0,0,0,0,3693.014555,0,0.001261854,3
"C09","2012-08-12","C092012-08-12",0.345167600723578,0,0,0,0,0,0,0,3693.014555,0,0.001261854,3
"C09","2012-08-20","C092012-08-20",0.330631358280587,0,0,0,0,0,0,0,3693.014555,0,0.001261854,3
"C09","2012-08-28","C092012-08-28",0.355511523714638,0,0,0,0,0,0,0,3693.014555,0,0.001261854,3
"C09","2012-09-05","C092012-09-05",0.355511523714638,0,0,0,0,0,0,0,3693.014555,0,0.001261854,3
"C09","2012-09-13","C092012-09-13",0.367532540942049,0,0,0,0,0,0,0,3693.014555,0,0.001261854,3
"C09","2012-09-21","C092012-09-21",0.302034818358962,0,0,0,0,0,0,0,3693.014555,0,0.001261854,3
"C09","2012-09-29","C092012-09-29",0.274594970972211,0,0,0,0,0,0,0,3693.014555,0,0.001261854,3
"C09","2012-10-07","C092012-10-07",0.28057466029836,0,0,0,0,0,0,0,3693.014555,0,0.001261854,3
"C09","2012-10-15","C092012-10-15",0.291742785054869,0,0,0,0,1,1,0,3693.014555,0,0.001261854,3
"C09","2012-10-23","C092012-10-23",0.237265074690536,0,0,0,0,1,1,0,3693.014555,0,0.001261854,3
"C09","2012-10-31","C092012-10-31",0.306637255313723,16,1,0,0,1,1,0,3693.014555,0,0.001261854,3
"C09","2012-11-08","C092012-11-08",0.570288637025688,0,0,0,0,4,1,0,3693.014555,0,0.001261854,3
"C09","2012-11-16","C092012-11-16",0.443429764270495,0,0,0,0,50,1,0,3693.014555,0,0.001261854,3
"C09","2012-11-24","C092012-11-24",0.395266720040474,0,0,0,0,21,1,0,3693.014555,0,0.001261854,3
"C09","2012-12-02","C092012-12-02",0.568386924970929,0,0,0,0,109,1,0,3693.014555,0,0.001261854,3
"C09","2012-12-10","C092012-12-10",0.486359539483247,0,0,0,0,0,0,0,3693.014555,0,0.001261854,3
"C09","2012-12-18","C092012-12-18",0.47423435046896,0,0,0,0,0,0,0,3693.014555,0,0.001261854,3
"C09","2012-12-26","C092012-12-26",0.0440851002590901,0,0,0,0,0,0,0,3693.014555,0,0.001261854,3
"D11","2012-01-01","D112012-01-01",0.717395857315107,0,0,0,0,0,0,0,3884.290774,0,0.000487256,0
"D11","2012-01-09","D112012-01-09",0.664416661758326,0,0,0,0,0,0,0,3884.290774,0,0.000487256,0
"D11","2012-01-17","D112012-01-17",0.613425064465966,0,0,0,0,0,0,0,3884.290774,0,0.000487256,0
"D11","2012-01-25","D112012-01-25",0.575510988526345,0,0,3,1,0,0,0,3884.290774,0,0.000487256,0
"D11","2012-02-02","D112012-02-02",0.500644751559002,1,1,0,0,5,1,0,3884.290774,0,0.000487256,0
"D11","2012-02-10","D112012-02-10",0.396639240771853,0,0,0,0,79,1,0,3884.290774,0,0.000487256,0
"D11","2012-02-18","D112012-02-18",0.341180052158396,0,0,0,0,0,0,0,3884.290774,0,0.000487256,0
"D11","2012-02-26","D112012-02-26",0.451373422420193,0,0,0,0,17,1,0,3884.290774,0,0.000487256,0
"D11","2012-03-05","D112012-03-05",0.466733696000521,0,0,0,0,5,1,0,3884.290774,0,0.000487256,0
"D11","2012-03-13","D112012-03-13",0.570961621480544,0,0,0,0,0,0,0,3884.290774,0,0.000487256,0
"D11","2012-03-21","D112012-03-21",0.594034375737669,0,0,0,0,56,1,0,3884.290774,0,0.000487256,0
"D11","2012-03-29","D112012-03-29",0.534946583493299,0,0,0,0,2,1,0,3884.290774,0,0.000487256,0
"D11","2012-04-06","D112012-04-06",0.627734976887519,0,0,0,0,0,0,0,3884.290774,0,0.000487256,0
"D11","2012-04-14","D112012-04-14",0.723781224324194,0,0,0,0,3,1,0,3884.290774,0,0.000487256,0
"D11","2012-04-22","D112012-04-22",0.71441738018553,0,0,0,0,2,1,0,3884.290774,0,0.000487256,0
"D11","2012-04-30","D112012-04-30",0.752077357259369,0,0,0,0,0,0,0,3884.290774,0,0.000487256,0
"D11","2012-05-08","D112012-05-08",0.743552128173822,0,0,0,0,0,0,0,3884.290774,0,0.000487256,0
"D11","2012-05-16","D112012-05-16",0.757214760165095,0,0,0,0,0,0,0,3884.290774,0,0.000487256,0
"D11","2012-05-24","D112012-05-24",0.726794500039424,0,0,0,0,0,0,0,3884.290774,0,0.000487256,0
"D11","2012-06-01","D112012-06-01",0.56767801650891,1,1,0,0,11,1,0,3884.290774,0,0.000487256,0
"D11","2012-06-09","D112012-06-09",0.492220263976778,0,0,0,0,9,1,0,3884.290774,0,0.000487256,0
"D11","2012-06-17","D112012-06-17",0.423423750366532,20,1,0,0,3,1,0,3884.290774,0,0.000487256,0
"D11","2012-06-25","D112012-06-25",0.390306041464021,8,1,0,0,0,0,0,3884.290774,0,0.000487256,0
"D11","2012-07-03","D112012-07-03",0.3410324006199,24,1,0,0,0,0,0,3884.290774,0,0.000487256,0
"D11","2012-07-11","D112012-07-11",0.331760054179166,23,1,0,0,0,0,0,3884.290774,0,0.000487256,0
"D11","2012-07-19","D112012-07-19",0.29434328610909,20,1,0,0,0,0,0,3884.290774,0,0.000487256,0
"D11","2012-07-27","D112012-07-27",0.302701347646272,36,1,0,0,0,0,0,3884.290774,0,0.000487256,0
"D11","2012-08-04","D112012-08-04",0.265642775881684,7,1,0,0,0,0,0,3884.290774,0,0.000487256,0
"D11","2012-08-12","D112012-08-12",0.275759179202311,2,1,0,0,0,0,0,3884.290774,0,0.000487256,0
"D11","2012-08-20","D112012-08-20",0.259233804771347,3,1,0,0,0,0,0,3884.290774,0,0.000487256,0
"D11","2012-08-28","D112012-08-28",0.295964125560538,0,0,0,0,0,0,0,3884.290774,0,0.000487256,0
"D11","2012-09-05","D112012-09-05",0.295964125560538,0,0,0,0,0,0,0,3884.290774,0,0.000487256,0
"D11","2012-09-13","D112012-09-13",0.323869236702274,0,0,0,0,0,0,0,3884.290774,0,0.000487256,0
"D11","2012-09-21","D112012-09-21",0.292984560623869,2,1,0,0,0,0,0,3884.290774,0,0.000487256,0
"D11","2012-09-29","D112012-09-29",0.284785931244209,0,0,0,0,0,0,0,3884.290774,0,0.000487256,0
"D11","2012-10-07","D112012-10-07",0.264332404256866,0,0,0,0,0,0,0,3884.290774,0,0.000487256,0
"D11","2012-10-15","D112012-10-15",0.328909306163555,0,0,0,0,3,1,0,3884.290774,0,0.000487256,0
"D11","2012-10-23","D112012-10-23",0.309423273183549,6,1,0,0,0,0,0,3884.290774,0,0.000487256,0
"D11","2012-10-31","D112012-10-31",0.284598988456776,28,1,0,0,16,1,0,3884.290774,0,0.000487256,0
"D11","2012-11-08","D112012-11-08",0.536670203939268,5,1,0,0,2,1,0,3884.290774,0,0.000487256,0
"D11","2012-11-16","D112012-11-16",0.365220369793379,0,0,0,0,68,1,0,3884.290774,0,0.000487256,0
"D11","2012-11-24","D112012-11-24",0.546521101034465,0,0,0,0,124,1,0,3884.290774,0,0.000487256,0
"D11","2012-12-02","D112012-12-02",0.503159112479029,0,0,0,0,26,1,0,3884.290774,0,0.000487256,0
"D11","2012-12-10","D112012-12-10",0.56638086236044,0,0,0,0,0,0,0,3884.290774,0,0.000487256,0
"D11","2012-12-18","D112012-12-18",0.648251625720049,0,0,0,0,0,0,0,3884.290774,0,0.000487256,0
"D11","2012-12-26","D112012-12-26",0.213534752440943,0,0,0,0,0,0,0,3884.290774,0,0.000487256,0
"E05","2012-01-01","E052012-01-01",0.806954658021976,0,0,0,0,0,0,0,889.7103308,0,0.006486407,1
"E05","2012-01-09","E052012-01-09",0.653450047440264,0,0,0,0,0,0,0,889.7103308,0,0.006486407,1
"E05","2012-01-17","E052012-01-17",0.641427402496107,0,0,0,0,0,0,0,889.7103308,0,0.006486407,1
"E05","2012-01-25","E052012-01-25",0.569012452427884,0,0,0,0,0,0,0,889.7103308,0,0.006486407,1
"E05","2012-02-02","E052012-02-02",0.451742053608124,0,0,0,0,0,0,0,889.7103308,0,0.006486407,1
"E05","2012-02-10","E052012-02-10",0.376132017444489,6,1,0,0,0,0,0,889.7103308,0,0.006486407,1
"E05","2012-02-18","E052012-02-18",0.350726414608411,0,0,0,0,6,1,0,889.7103308,0,0.006486407,1
"E05","2012-02-26","E052012-02-26",0.513341949069919,0,0,0,0,0,0,0,889.7103308,0,0.006486407,1
"E05","2012-03-05","E052012-03-05",0.552924455326203,0,0,0,0,0,0,0,889.7103308,0,0.006486407,1
"E05","2012-03-13","E052012-03-13",0.532809816379112,2,1,9,1,0,0,0,889.7103308,0,0.006486407,1
"E05","2012-03-21","E052012-03-21",0.43054969648852,0,0,0,0,0,0,0,889.7103308,0,0.006486407,1
"E05","2012-03-29","E052012-03-29",0.35620874523799,0,0,0,0,0,0,0,889.7103308,0,0.006486407,1
"E05","2012-04-06","E052012-04-06",0.543722006618168,0,0,1,1,0,0,0,889.7103308,0,0.006486407,1
"E05","2012-04-14","E052012-04-14",0.676567080665748,0,0,0,0,0,0,0,889.7103308,0,0.006486407,1
"E05","2012-04-22","E052012-04-22",0.695279853081918,0,0,0,0,0,0,0,889.7103308,0,0.006486407,1
"E05","2012-04-30","E052012-04-30",0.545991463850802,0,0,0,0,0,0,0,889.7103308,0,0.006486407,1
"E05","2012-05-08","E052012-05-08",0.769068911099422,0,0,0,0,0,0,0,889.7103308,0,0.006486407,1
"E05","2012-05-16","E052012-05-16",0.754082676376557,0,0,0,0,0,0,0,889.7103308,0,0.006486407,1
"E05","2012-05-24","E052012-05-24",0.72014280550157,0,0,0,0,0,0,0,889.7103308,0,0.006486407,1
"E05","2012-06-01","E052012-06-01",0.571661733274535,0,0,0,0,8,1,0,889.7103308,0,0.006486407,1
"E05","2012-06-09","E052012-06-09",0.512573525920249,0,0,0,0,0,0,0,889.7103308,0,0.006486407,1
"E05","2012-06-17","E052012-06-17",0.48668114131092,0,0,0,0,48,1,0,889.7103308,0,0.006486407,1
"E05","2012-06-25","E052012-06-25",0.470438873693085,0,0,0,0,5,1,0,889.7103308,0,0.006486407,1
"E05","2012-07-03","E052012-07-03",0.434255118388554,7,1,0,0,14,1,0,889.7103308,0,0.006486407,1
"E05","2012-07-11","E052012-07-11",0.364995280038951,67,1,0,0,1,1,0,889.7103308,0,0.006486407,1
"E05","2012-07-19","E052012-07-19",0.331376952891676,25,1,0,0,0,0,0,889.7103308,0,0.006486407,1
"E05","2012-07-27","E052012-07-27",0.31360372734542,16,1,0,0,0,0,0,889.7103308,0,0.006486407,1
"E05","2012-08-04","E052012-08-04",0.285979325020349,11,1,0,0,0,0,0,889.7103308,0,0.006486407,1
"E05","2012-08-12","E052012-08-12",0.275795882997936,0,0,0,0,0,0,0,889.7103308,0,0.006486407,1
"E05","2012-08-20","E052012-08-20",0.299320751327051,13,1,0,0,0,0,0,889.7103308,0,0.006486407,1
"E05","2012-08-28","E052012-08-28",0.283577569169368,0,0,0,0,0,0,0,889.7103308,0,0.006486407,1
"E05","2012-09-05","E052012-09-05",0.283577569169368,0,0,0,0,0,0,0,889.7103308,0,0.006486407,1
"E05","2012-09-13","E052012-09-13",0.40445511920323,0,0,0,0,0,0,0,889.7103308,0,0.006486407,1
"E05","2012-09-21","E052012-09-21",0.323303646774585,0,0,0,0,0,0,0,889.7103308,0,0.006486407,1
"E05","2012-09-29","E052012-09-29",0.286098226109625,0,0,0,0,0,0,0,889.7103308,0,0.006486407,1
"E05","2012-10-07","E052012-10-07",0.270683483654716,0,0,0,0,0,0,0,889.7103308,0,0.006486407,1
"E05","2012-10-15","E052012-10-15",0.301557043237289,0,0,0,0,3,1,0,889.7103308,0,0.006486407,1
"E05","2012-10-23","E052012-10-23",0.264281007645462,0,0,0,0,0,0,0,889.7103308,0,0.006486407,1
"E05","2012-10-31","E052012-10-31",0.283571518271471,0,0,0,0,0,0,0,889.7103308,0,0.006486407,1
"E05","2012-11-08","E052012-11-08",0.44760229674999,0,0,0,0,0,0,0,889.7103308,0,0.006486407,1
"E05","2012-11-16","E052012-11-16",0.370144638029374,0,0,0,0,7,1,0,889.7103308,0,0.006486407,1
"E05","2012-11-24","E052012-11-24",0.30778076933855,0,0,0,0,5,1,0,889.7103308,0,0.006486407,1
"E05","2012-12-02","E052012-12-02",0.294660737883951,0,0,0,0,0,0,0,889.7103308,0,0.006486407,1
"E05","2012-12-10","E052012-12-10",0.725149754791158,0,0,0,0,0,0,0,889.7103308,0,0.006486407,1
"E05","2012-12-18","E052012-12-18",0.569957410945894,0,0,0,0,0,0,0,889.7103308,0,0.006486407,1
"E05","2012-12-26","E052012-12-26",0.554092646083458,0,0,0,0,2,1,0,889.7103308,0,0.006486407,1
"E13","2012-01-01","E132012-01-01",0.725511898173769,0,0,0,0,0,0,0,569.6187904,0,0.001124174,0
"E13","2012-01-09","E132012-01-09",0.646016933463192,0,0,0,0,0,0,0,569.6187904,0,0.001124174,0
"E13","2012-01-17","E132012-01-17",0.631999936280044,0,0,0,0,0,0,0,569.6187904,0,0.001124174,0
"E13","2012-01-25","E132012-01-25",0.611885984541389,0,0,0,0,0,0,0,569.6187904,0,0.001124174,0
"E13","2012-02-02","E132012-02-02",0.545496506440756,0,0,0,0,71,1,0,569.6187904,0,0.001124174,0
"E13","2012-02-10","E132012-02-10",0.446017348052365,0,0,0,0,30,1,0,569.6187904,0,0.001124174,0
"E13","2012-02-18","E132012-02-18",0.399066327857368,0,0,0,0,0,0,0,569.6187904,0,0.001124174,0
"E13","2012-02-26","E132012-02-26",0.472550862292109,0,0,0,0,0,0,0,569.6187904,0,0.001124174,0
"E13","2012-03-05","E132012-03-05",0.520489712575887,0,0,0,0,0,0,0,569.6187904,0,0.001124174,0
"E13","2012-03-13","E132012-03-13",0.581561972635836,0,0,0,0,24,1,0,569.6187904,0,0.001124174,0
"E13","2012-03-21","E132012-03-21",0.556691840774223,0,0,0,0,17,1,0,569.6187904,0,0.001124174,0
"E13","2012-03-29","E132012-03-29",0.481211734801186,0,0,0,0,5,1,0,569.6187904,0,0.001124174,0
"E13","2012-04-06","E132012-04-06",0.597361894089072,0,0,0,0,0,0,0,569.6187904,0,0.001124174,0
"E13","2012-04-14","E132012-04-14",0.585193658793231,0,0,0,0,8,1,0,569.6187904,0,0.001124174,0
"E13","2012-04-22","E132012-04-22",0.613696541069436,0,0,0,0,0,0,0,569.6187904,0,0.001124174,0
"E13","2012-04-30","E132012-04-30",0.712694422311359,0,0,0,0,0,0,0,569.6187904,0,0.001124174,0
"E13","2012-05-08","E132012-05-08",0.756317655915618,0,0,0,0,0,0,0,569.6187904,0,0.001124174,0
"E13","2012-05-16","E132012-05-16",0.745024086621646,0,0,0,0,0,0,0,569.6187904,0,0.001124174,0
"E13","2012-05-24","E132012-05-24",0.673407180705419,0,0,0,0,13,1,0,569.6187904,0,0.001124174,0
"E13","2012-06-01","E132012-06-01",0.605437777319371,0,0,0,0,0,0,0,569.6187904,0,0.001124174,0
"E13","2012-06-09","E132012-06-09",0.49393637929977,0,0,0,0,3,1,0,569.6187904,0,0.001124174,0
"E13","2012-06-17","E132012-06-17",0.48716766526361,0,0,0,0,0,0,0,569.6187904,0,0.001124174,0
"E13","2012-06-25","E132012-06-25",0.469884494393161,0,0,0,0,0,0,0,569.6187904,0,0.001124174,0
"E13","2012-07-03","E132012-07-03",0.442589489620258,94,1,0,0,0,0,0,569.6187904,0,0.001124174,0
"E13","2012-07-11","E132012-07-11",0.391610136050795,0,0,0,0,0,0,0,569.6187904,0,0.001124174,0
"E13","2012-07-19","E132012-07-19",0.353226261083786,39,1,0,0,0,0,0,569.6187904,0,0.001124174,0
"E13","2012-07-27","E132012-07-27",0.353979889260842,0,0,0,0,0,0,0,569.6187904,0,0.001124174,0
"E13","2012-08-04","E132012-08-04",0.31456831537685,0,0,0,0,0,0,0,569.6187904,0,0.001124174,0
"E13","2012-08-12","E132012-08-12",0.320936846000871,0,0,0,0,0,0,0,569.6187904,0,0.001124174,0
"E13","2012-08-20","E132012-08-20",0.316105181758076,0,0,0,0,0,0,0,569.6187904,0,0.001124174,0
"E13","2012-08-28","E132012-08-28",0.307438455161595,0,0,0,0,0,0,0,569.6187904,0,0.001124174,0
"E13","2012-09-05","E132012-09-05",0.307438455161595,0,0,0,0,0,0,0,569.6187904,0,0.001124174,0
"E13","2012-09-13","E132012-09-13",0.375636666738743,0,0,0,0,0,0,0,569.6187904,0,0.001124174,0
"E13","2012-09-21","E132012-09-21",0.316306310906356,0,0,0,0,0,0,0,569.6187904,0,0.001124174,0
"E13","2012-09-29","E132012-09-29",0.317152815975002,0,0,0,0,0,0,0,569.6187904,0,0.001124174,0
"E13","2012-10-07","E132012-10-07",0.317172912612228,0,0,0,0,0,0,0,569.6187904,0,0.001124174,0
"E13","2012-10-15","E132012-10-15",0.399696502645899,0,0,0,0,0,0,0,569.6187904,0,0.001124174,0
"E13","2012-10-23","E132012-10-23",0.402169690415524,0,0,0,0,0,0,0,569.6187904,0,0.001124174,0
"E13","2012-10-31","E132012-10-31",0.362791913109289,0,0,0,0,0,0,0,569.6187904,0,0.001124174,0
"E13","2012-11-08","E132012-11-08",0.467454970402828,0,0,0,0,11,1,0,569.6187904,0,0.001124174,0
"E13","2012-11-16","E132012-11-16",0.378985624457221,0,0,0,0,0,0,0,569.6187904,0,0.001124174,0
"E13","2012-11-24","E132012-11-24",0.413746155540848,0,0,0,0,59,1,0,569.6187904,0,0.001124174,0
"E13","2012-12-02","E132012-12-02",0.401027668576765,0,0,0,0,36,1,0,569.6187904,0,0.001124174,0
"E13","2012-12-10","E132012-12-10",0.508760213948395,0,0,0,0,1,1,0,569.6187904,0,0.001124174,0
"E13","2012-12-18","E132012-12-18",0.514252417453004,0,0,0,0,0,0,0,569.6187904,0,0.001124174,0
"E13","2012-12-26","E132012-12-26",0.484404811038746,0,0,0,0,0,0,0,569.6187904,0,0.001124174,0
"F03","2012-01-01","F032012-01-01",0.711599651565028,0,0,0,0,0,0,0,2892.755218,0,0.008066427,22
"F03","2012-01-09","F032012-01-09",0.585855129431118,0,0,0,0,0,0,0,2892.755218,0,0.008066427,22
"F03","2012-01-17","F032012-01-17",0.569535451059823,0,0,0,0,0,0,0,2892.755218,0,0.008066427,22
"F03","2012-01-25","F032012-01-25",0.525502447319338,0,0,2,1,0,0,0,2892.755218,0,0.008066427,22
"F03","2012-02-02","F032012-02-02",0.447920820004889,0,0,0,0,0,0,0,2892.755218,0,0.008066427,22
"F03","2012-02-10","F032012-02-10",0.403996590614061,0,0,0,0,5,1,0,2892.755218,0,0.008066427,22
"F03","2012-02-18","F032012-02-18",0.405137806005061,0,0,0,0,69,1,0,2892.755218,0,0.008066427,22
"F03","2012-02-26","F032012-02-26",0.441004895611336,0,0,0,0,6,1,0,2892.755218,0,0.008066427,22
"F03","2012-03-05","F032012-03-05",0.473882472084061,0,0,0,0,0,0,0,2892.755218,0,0.008066427,22
"F03","2012-03-13","F032012-03-13",0.513101600969242,0,0,0,0,0,0,0,2892.755218,0,0.008066427,22
"F03","2012-03-21","F032012-03-21",0.434748519854707,0,0,0,0,1,1,0,2892.755218,0,0.008066427,22
"F03","2012-03-29","F032012-03-29",0.448749790135017,0,0,0,0,0,0,0,2892.755218,0,0.008066427,22
"F03","2012-04-06","F032012-04-06",0.494096064504062,0,0,0,0,0,0,0,2892.755218,0,0.008066427,22
"F03","2012-04-14","F032012-04-14",0.607066544437501,0,0,2,1,0,0,0,2892.755218,0,0.008066427,22
"F03","2012-04-22","F032012-04-22",0.742010450270738,0,0,0,0,0,0,0,2892.755218,0,0.008066427,22
"F03","2012-04-30","F032012-04-30",0.677258937823668,0,0,0,0,0,0,0,2892.755218,0,0.008066427,22
"F03","2012-05-08","F032012-05-08",0.764988752541555,0,0,0,0,0,0,0,2892.755218,0,0.008066427,22
"F03","2012-05-16","F032012-05-16",0.724129867840366,0,0,0,0,0,0,0,2892.755218,0,0.008066427,22
"F03","2012-05-24","F032012-05-24",0.642256465940653,0,0,0,0,0,0,0,2892.755218,0,0.008066427,22
"F03","2012-06-01","F032012-06-01",0.519378775366084,0,0,0,0,0,0,0,2892.755218,0,0.008066427,22
"F03","2012-06-09","F032012-06-09",0.462828998309037,0,0,0,0,0,0,0,2892.755218,0,0.008066427,22
"F03","2012-06-17","F032012-06-17",0.419167157047771,0,0,0,0,100,1,0,2892.755218,0,0.008066427,22
"F03","2012-06-25","F032012-06-25",0.420822655107385,0,0,0,0,56,1,0,2892.755218,0,0.008066427,22
"F03","2012-07-03","F032012-07-03",0.401436957414713,0,0,1,1,47,1,0,2892.755218,0,0.008066427,22
"F03","2012-07-11","F032012-07-11",0.373055409194085,1,1,0,0,12,1,0,2892.755218,0,0.008066427,22
"F03","2012-07-19","F032012-07-19",0.336164477091732,6,1,0,0,3,1,0,2892.755218,0,0.008066427,22
"F03","2012-07-27","F032012-07-27",0.318772682308598,0,0,1,1,0,0,0,2892.755218,0,0.008066427,22
"F03","2012-08-04","F032012-08-04",0.301046520657019,12,1,0,0,4,1,0,2892.755218,0,0.008066427,22
"F03","2012-08-12","F032012-08-12",0.291918265209368,1,1,0,0,0,0,0,2892.755218,0,0.008066427,22
"F03","2012-08-20","F032012-08-20",0.309092650760709,2,1,0,0,0,0,0,2892.755218,0,0.008066427,22
"F03","2012-08-28","F032012-08-28",0.370802781428052,6,1,0,0,0,0,0,2892.755218,0,0.008066427,22
"F03","2012-09-05","F032012-09-05",0.370802781428052,0,0,1,1,0,0,0,2892.755218,0,0.008066427,22
"F03","2012-09-13","F032012-09-13",0.444641498495742,0,0,0,0,0,0,0,2892.755218,0,0.008066427,22
"F03","2012-09-21","F032012-09-21",0.412367861863952,0,0,1,1,0,0,0,2892.755218,0,0.008066427,22
"F03","2012-09-29","F032012-09-29",0.397147371922448,0,0,6,1,0,0,0,2892.755218,0,0.008066427,22
"F03","2012-10-07","F032012-10-07",0.347622376205057,3,1,7,1,9,1,0,2892.755218,0,0.008066427,22
"F03","2012-10-15","F032012-10-15",0.395880145347296,0,0,0,0,8,1,0,2892.755218,0,0.008066427,22
"F03","2012-10-23","F032012-10-23",0.32454771939676,6,1,0,0,0,0,0,2892.755218,0,0.008066427,22
"F03","2012-10-31","F032012-10-31",0.576585365853659,0,0,0,0,0,0,0,2892.755218,0,0.008066427,22
"F03","2012-11-08","F032012-11-08",0.599759121408491,0,0,0,0,5,1,0,2892.755218,0,0.008066427,22
"F03","2012-11-16","F032012-11-16",0.537585433225838,0,0,0,0,3,1,0,2892.755218,0,0.008066427,22
"F03","2012-11-24","F032012-11-24",0.481235639290544,0,0,0,0,7,1,0,2892.755218,0,0.008066427,22
"F03","2012-12-02","F032012-12-02",0.414425964322239,0,0,0,0,0,0,0,2892.755218,0,0.008066427,22
"F03","2012-12-10","F032012-12-10",0.532214238435674,0,0,0,0,0,0,0,2892.755218,0,0.008066427,22
"F03","2012-12-18","F032012-12-18",0.617359337528322,0,0,0,0,0,0,0,2892.755218,0,0.008066427,22
"F03","2012-12-26","F032012-12-26",0.528908443040705,0,0,1,1,0,0,0,2892.755218,0,0.008066427,22
"G02","2012-01-01","G022012-01-01",0.77994312926398,0,0,0,0,0,0,0,257.1025528,0,0.000601564,500
"G02","2012-01-09","G022012-01-09",0.677535726728481,0,0,0,0,3,1,0,257.1025528,0,0.000601564,500
"G02","2012-01-17","G022012-01-17",0.612876202965837,0,0,0,0,0,0,0,257.1025528,0,0.000601564,500
"G02","2012-01-25","G022012-01-25",0.557251908396947,0,0,1,1,0,0,0,257.1025528,0,0.000601564,500
"G02","2012-02-02","G022012-02-02",0.531393088507362,0,0,0,0,1,1,0,257.1025528,0,0.000601564,500
"G02","2012-02-10","G022012-02-10",0.457504395517618,1,1,0,0,256,1,0,257.1025528,0,0.000601564,500
"G02","2012-02-18","G022012-02-18",0.403130127102479,0,0,0,0,21,1,0,257.1025528,0,0.000601564,500
"G02","2012-02-26","G022012-02-26",0.403214859474001,2,1,0,0,0,0,0,257.1025528,0,0.000601564,500
"G02","2012-03-05","G022012-03-05",0.477007409555553,0,0,0,0,0,0,0,257.1025528,0,0.000601564,500
"G02","2012-03-13","G022012-03-13",0.522612774282303,0,0,3,1,0,0,0,257.1025528,0,0.000601564,500
"G02","2012-03-21","G022012-03-21",0.461623955309099,0,0,0,0,0,0,0,257.1025528,0,0.000601564,500
"G02","2012-03-29","G022012-03-29",0.449738112839289,2,1,0,0,0,0,0,257.1025528,0,0.000601564,500
"G02","2012-04-06","G022012-04-06",0.587764798452381,0,0,0,0,0,0,0,257.1025528,0,0.000601564,500
"G02","2012-04-14","G022012-04-14",0.689023924189714,0,0,0,0,0,0,0,257.1025528,0,0.000601564,500
"G02","2012-04-22","G022012-04-22",0.76035354336111,0,0,0,0,3,1,0,257.1025528,0,0.000601564,500
"G02","2012-04-30","G022012-04-30",0.759438707499684,0,0,2,1,0,0,0,257.1025528,0,0.000601564,500
"G02","2012-05-08","G022012-05-08",0.819835252271549,0,0,0,0,0,0,0,257.1025528,0,0.000601564,500
"G02","2012-05-16","G022012-05-16",0.803268633168951,0,0,0,0,0,0,0,257.1025528,0,0.000601564,500
"G02","2012-05-24","G022012-05-24",0.755358847409554,0,0,0,0,0,0,0,257.1025528,0,0.000601564,500
"G02","2012-06-01","G022012-06-01",0.683132847389613,0,0,0,0,0,0,0,257.1025528,0,0.000601564,500
"G02","2012-06-09","G022012-06-09",0.594014453084007,0,0,0,0,0,0,0,257.1025528,0,0.000601564,500
"G02","2012-06-17","G022012-06-17",0.496913517093198,0,0,0,0,56,1,0,257.1025528,0,0.000601564,500
"G02","2012-06-25","G022012-06-25",0.495097849184245,3,1,0,0,61,1,0,257.1025528,0,0.000601564,500
"G02","2012-07-03","G022012-07-03",0.470293658254237,14,1,0,0,113,1,0,257.1025528,0,0.000601564,500
"G02","2012-07-11","G022012-07-11",0.374094467661782,8,1,3,1,4,1,0,257.1025528,0,0.000601564,500
"G02","2012-07-19","G022012-07-19",0.372374517498906,23,1,0,0,1,1,0,257.1025528,0,0.000601564,500
"G02","2012-07-27","G022012-07-27",0.356539907001809,9,1,0,0,0,0,0,257.1025528,0,0.000601564,500
"G02","2012-08-04","G022012-08-04",0.326191200328231,1,1,0,0,0,0,0,257.1025528,0,0.000601564,500
"G02","2012-08-12","G022012-08-12",0.316026089397341,0,0,3,1,1,1,0,257.1025528,0,0.000601564,500
"G02","2012-08-20","G022012-08-20",0.391360185410986,0,0,2,1,0,0,0,257.1025528,0,0.000601564,500
"G02","2012-08-28","G022012-08-28",0.388163309935977,0,0,0,0,0,0,0,257.1025528,0,0.000601564,500
"G02","2012-09-05","G022012-09-05",0.388163309935977,0,0,0,0,1,1,0,257.1025528,0,0.000601564,500
"G02","2012-09-13","G022012-09-13",0.491133225338105,0,0,0,0,3,1,0,257.1025528,0,0.000601564,500
"G02","2012-09-21","G022012-09-21",0.505780851576598,0,0,0,0,2,1,0,257.1025528,0,0.000601564,500
"G02","2012-09-29","G022012-09-29",0.445698785920675,0,0,0,0,0,0,0,257.1025528,0,0.000601564,500
"G02","2012-10-07","G022012-10-07",0.403265526723255,0,0,0,0,48,1,0,257.1025528,0,0.000601564,500
"G02","2012-10-15","G022012-10-15",0.480614448540191,0,0,0,0,19,1,0,257.1025528,0,0.000601564,500
"G02","2012-10-23","G022012-10-23",0.407488109663529,0,0,0,0,2,1,0,257.1025528,0,0.000601564,500
"G02","2012-10-31","G022012-10-31",0.442381222018059,2,1,4,1,19,1,0,257.1025528,0,0.000601564,500
"G02","2012-11-08","G022012-11-08",0.560540647976486,0,0,4,1,0,0,0,257.1025528,0,0.000601564,500
"G02","2012-11-16","G022012-11-16",0.440910663036663,0,0,0,0,4,1,0,257.1025528,0,0.000601564,500
"G02","2012-11-24","G022012-11-24",0.428412212275528,0,0,0,0,2,1,0,257.1025528,0,0.000601564,500
"G02","2012-12-02","G022012-12-02",0.445784965048129,0,0,0,0,7,1,0,257.1025528,0,0.000601564,500
"G02","2012-12-10","G022012-12-10",0.527044311743929,0,0,11,1,1,1,0,257.1025528,0,0.000601564,500
"G02","2012-12-18","G022012-12-18",0.501080034710131,0,0,2,1,0,0,0,257.1025528,0,0.000601564,500
"G02","2012-12-26","G022012-12-26",0.421081573605862,0,0,0,0,0,0,0,257.1025528,0,0.000601564,500
"H04","2012-01-01","H042012-01-01",0.712452829581589,0,0,0,0,0,0,0,997.8244147,0,0.001172225,2
"H04","2012-01-09","H042012-01-09",0.616558618494535,0,0,0,0,0,0,0,997.8244147,0,0.001172225,2
"H04","2012-01-17","H042012-01-17",0.587468727193525,0,0,1,1,0,0,0,997.8244147,0,0.001172225,2
"H04","2012-01-25","H042012-01-25",0.511613789750558,0,0,1,1,0,0,0,997.8244147,0,0.001172225,2
"H04","2012-02-02","H042012-02-02",0.450462994996718,0,0,0,0,0,0,0,997.8244147,0,0.001172225,2
"H04","2012-02-10","H042012-02-10",0.413883309774682,0,0,0,0,6,1,0,997.8244147,0,0.001172225,2
"H04","2012-02-18","H042012-02-18",0.362151586797999,0,0,0,0,33,1,0,997.8244147,0,0.001172225,2
"H04","2012-02-26","H042012-02-26",0.356916830600239,0,0,0,0,5,1,0,997.8244147,0,0.001172225,2
"H04","2012-03-05","H042012-03-05",0.431405213088945,0,0,1,1,0,0,0,997.8244147,0,0.001172225,2
"H04","2012-03-13","H042012-03-13",0.467658151570991,0,0,0,0,0,0,0,997.8244147,0,0.001172225,2
"H04","2012-03-21","H042012-03-21",0.369512755204903,0,0,0,0,0,0,0,997.8244147,0,0.001172225,2
"H04","2012-03-29","H042012-03-29",0.349189431425624,0,0,0,0,1,1,0,997.8244147,0,0.001172225,2
"H04","2012-04-06","H042012-04-06",0.458598101270159,1,1,1,1,0,0,0,997.8244147,0,0.001172225,2
"H04","2012-04-14","H042012-04-14",0.56031293306359,0,0,0,0,4,1,0,997.8244147,0,0.001172225,2
"H04","2012-04-22","H042012-04-22",0.670250513154421,0,0,0,0,10,1,0,997.8244147,0,0.001172225,2
"H04","2012-04-30","H042012-04-30",0.737270679504174,0,0,0,0,0,0,0,997.8244147,0,0.001172225,2
"H04","2012-05-08","H042012-05-08",0.764177319219674,0,0,0,0,0,0,0,997.8244147,0,0.001172225,2
"H04","2012-05-16","H042012-05-16",0.704017846120353,0,0,0,0,0,0,0,997.8244147,0,0.001172225,2
"H04","2012-05-24","H042012-05-24",0.585517357200764,0,0,0,0,0,0,0,997.8244147,0,0.001172225,2
"H04","2012-06-01","H042012-06-01",0.496928813808604,0,0,0,0,0,0,0,997.8244147,0,0.001172225,2
"H04","2012-06-09","H042012-06-09",0.430563023621721,0,0,1,1,4,1,0,997.8244147,0,0.001172225,2
"H04","2012-06-17","H042012-06-17",0.404083438394789,0,0,0,0,93,1,0,997.8244147,0,0.001172225,2
"H04","2012-06-25","H042012-06-25",0.399283992990771,0,0,0,0,31,1,0,997.8244147,0,0.001172225,2
"H04","2012-07-03","H042012-07-03",0.370377282529277,0,0,0,0,12,1,0,997.8244147,0,0.001172225,2
"H04","2012-07-11","H042012-07-11",0.318610992925608,0,0,0,0,0,0,0,997.8244147,0,0.001172225,2
"H04","2012-07-19","H042012-07-19",0.315994251256098,0,0,0,0,0,0,0,997.8244147,0,0.001172225,2
"H04","2012-07-27","H042012-07-27",0.291893200331019,1,1,0,0,0,0,0,997.8244147,0,0.001172225,2
"H04","2012-08-04","H042012-08-04",0.291543750266814,1,1,0,0,1,1,0,997.8244147,0,0.001172225,2
"H04","2012-08-12","H042012-08-12",0.308969542672796,7,1,0,0,2,1,0,997.8244147,0,0.001172225,2
"H04","2012-08-20","H042012-08-20",0.293908327468791,0,0,0,0,0,0,0,997.8244147,0,0.001172225,2
"H04","2012-08-28","H042012-08-28",0.356307139014765,0,0,0,0,4,1,0,997.8244147,0,0.001172225,2
"H04","2012-09-05","H042012-09-05",0.356307139014765,0,0,4,1,2,1,0,997.8244147,0,0.001172225,2
"H04","2012-09-13","H042012-09-13",0.425714944333608,0,0,0,0,0,0,0,997.8244147,0,0.001172225,2
"H04","2012-09-21","H042012-09-21",0.359763820660895,0,0,0,0,0,0,0,997.8244147,0,0.001172225,2
"H04","2012-09-29","H042012-09-29",0.333383748395865,2,1,0,0,0,0,0,997.8244147,0,0.001172225,2
"H04","2012-10-07","H042012-10-07",0.218732250924744,0,0,0,0,21,1,0,997.8244147,0,0.001172225,2
"H04","2012-10-15","H042012-10-15",0.319040277633475,1,1,0,0,11,1,0,997.8244147,0,0.001172225,2
"H04","2012-10-23","H042012-10-23",0.278363314995689,8,1,0,0,7,1,0,997.8244147,0,0.001172225,2
"H04","2012-10-31","H042012-10-31",0.645783542350754,6,1,0,0,5,1,0,997.8244147,0,0.001172225,2
"H04","2012-11-08","H042012-11-08",0.410501701369729,0,0,0,0,2,1,0,997.8244147,0,0.001172225,2
"H04","2012-11-16","H042012-11-16",0.391772070540981,0,0,0,0,0,0,0,997.8244147,0,0.001172225,2
"H04","2012-11-24","H042012-11-24",0.409222951066966,0,0,0,0,0,0,0,997.8244147,0,0.001172225,2
"H04","2012-12-02","H042012-12-02",0.388805634379675,0,0,0,0,0,0,0,997.8244147,0,0.001172225,2
"H04","2012-12-10","H042012-12-10",0.580831031993604,0,0,0,0,0,0,0,997.8244147,0,0.001172225,2
"H04","2012-12-18","H042012-12-18",0.565676580257888,0,0,0,0,0,0,0,997.8244147,0,0.001172225,2
"H04","2012-12-26","H042012-12-26",0.404733946106708,0,0,0,0,1,1,0,997.8244147,0,0.001172225,2
"I04","2012-01-01","I042012-01-01",0.708691914526232,0,0,1,1,0,0,0,535.3923795,0,0.001433811,40
"I04","2012-01-09","I042012-01-09",0.581699854879824,0,0,3,1,0,0,0,535.3923795,0,0.001433811,40
"I04","2012-01-17","I042012-01-17",0.506486259946427,0,0,0,0,0,0,0,535.3923795,0,0.001433811,40
"I04","2012-01-25","I042012-01-25",0.47929961650167,0,0,0,0,1,1,0,535.3923795,0,0.001433811,40
"I04","2012-02-02","I042012-02-02",0.40793882835094,0,0,0,0,0,0,0,535.3923795,0,0.001433811,40
"I04","2012-02-10","I042012-02-10",0.360049589333445,0,0,1,1,1,1,0,535.3923795,0,0.001433811,40
"I04","2012-02-18","I042012-02-18",0.34143696434112,0,0,0,0,30,1,0,535.3923795,0,0.001433811,40
"I04","2012-02-26","I042012-02-26",0.35996565777433,0,0,1,1,3,1,0,535.3923795,0,0.001433811,40
"I04","2012-03-05","I042012-03-05",0.425918724895239,2,1,0,0,2,1,0,535.3923795,0,0.001433811,40
"I04","2012-03-13","I042012-03-13",0.469269193861806,0,0,0,0,2,1,0,535.3923795,0,0.001433811,40
"I04","2012-03-21","I042012-03-21",0.393062111066239,0,0,0,0,1,1,0,535.3923795,0,0.001433811,40
"I04","2012-03-29","I042012-03-29",0.338530302254557,0,0,0,0,2,1,0,535.3923795,0,0.001433811,40
"I04","2012-04-06","I042012-04-06",0.422470541978671,0,0,0,0,4,1,0,535.3923795,0,0.001433811,40
"I04","2012-04-14","I042012-04-14",0.446864092432149,0,0,0,0,12,1,0,535.3923795,0,0.001433811,40
"I04","2012-04-22","I042012-04-22",0.646498524378855,0,0,1,1,1,1,0,535.3923795,0,0.001433811,40
"I04","2012-04-30","I042012-04-30",0.744369377577802,0,0,0,0,1,1,0,535.3923795,0,0.001433811,40
"I04","2012-05-08","I042012-05-08",0.781287134338467,0,0,5,1,1,1,0,535.3923795,0,0.001433811,40
"I04","2012-05-16","I042012-05-16",0.746591752588954,0,0,0,0,0,0,0,535.3923795,0,0.001433811,40
"I04","2012-05-24","I042012-05-24",0.666521291717625,0,0,0,0,0,0,0,535.3923795,0,0.001433811,40
"I04","2012-06-01","I042012-06-01",0.594165171405216,0,0,0,0,4,1,0,535.3923795,0,0.001433811,40
"I04","2012-06-09","I042012-06-09",0.500207302453357,0,0,0,0,2,1,0,535.3923795,0,0.001433811,40
"I04","2012-06-17","I042012-06-17",0.427993269850717,0,0,0,0,80,1,0,535.3923795,0,0.001433811,40
"I04","2012-06-25","I042012-06-25",0.417866892003315,6,1,0,0,52,1,0,535.3923795,0,0.001433811,40
"I04","2012-07-03","I042012-07-03",0.365387473188354,3,1,0,0,1,1,0,535.3923795,0,0.001433811,40
"I04","2012-07-11","I042012-07-11",0.323130668988999,1,1,0,0,0,0,0,535.3923795,0,0.001433811,40
"I04","2012-07-19","I042012-07-19",0.309397028084905,15,1,0,0,0,0,0,535.3923795,0,0.001433811,40
"I04","2012-07-27","I042012-07-27",0.277309214216891,38,1,0,0,0,0,0,535.3923795,0,0.001433811,40
"I04","2012-08-04","I042012-08-04",0.288387969532911,5,1,0,0,0,0,0,535.3923795,0,0.001433811,40
"I04","2012-08-12","I042012-08-12",0.303458761219211,35,1,0,0,0,0,0,535.3923795,0,0.001433811,40
"I04","2012-08-20","I042012-08-20",0.27619070373871,13,1,0,0,0,0,0,535.3923795,0,0.001433811,40
"I04","2012-08-28","I042012-08-28",0.350394159779804,4,1,6,1,12,1,0,535.3923795,0,0.001433811,40
"I04","2012-09-05","I042012-09-05",0.350394159779804,13,1,0,0,7,1,0,535.3923795,0,0.001433811,40
"I04","2012-09-13","I042012-09-13",0.389074835018976,0,0,0,0,0,0,0,535.3923795,0,0.001433811,40
"I04","2012-09-21","I042012-09-21",0.329700884751616,1,1,0,0,1,1,0,535.3923795,0,0.001433811,40
"I04","2012-09-29","I042012-09-29",0.311047504939046,0,0,0,0,0,0,0,535.3923795,0,0.001433811,40
"I04","2012-10-07","I042012-10-07",0.308959962352295,0,0,0,0,0,0,0,535.3923795,0,0.001433811,40
"I04","2012-10-15","I042012-10-15",0.36859282803957,0,0,0,0,15,1,0,535.3923795,0,0.001433811,40
"I04","2012-10-23","I042012-10-23",0.297979313253001,0,0,0,0,14,1,0,535.3923795,0,0.001433811,40
"I04","2012-10-31","I042012-10-31",0.593282773102165,1,1,0,0,10,1,0,535.3923795,0,0.001433811,40
"I04","2012-11-08","I042012-11-08",0.412130902866023,0,0,0,0,3,1,0,535.3923795,0,0.001433811,40
"I04","2012-11-16","I042012-11-16",0.408905268081414,0,0,0,0,0,0,0,535.3923795,0,0.001433811,40
"I04","2012-11-24","I042012-11-24",0.328584144448484,3,1,0,0,0,0,0,535.3923795,0,0.001433811,40
"I04","2012-12-02","I042012-12-02",0.321708259247306,0,0,1,1,6,1,0,535.3923795,0,0.001433811,40
"I04","2012-12-10","I042012-12-10",0.551012478091818,0,0,0,0,3,1,0,535.3923795,0,0.001433811,40
"I04","2012-12-18","I042012-12-18",0.195109790883966,0,0,0,0,0,0,0,535.3923795,0,0.001433811,40
"I04","2012-12-26","I042012-12-26",0.319186833310102,0,0,0,0,6,1,0,535.3923795,0,0.001433811,40
"J03","2012-01-01","J032012-01-01",0.72562080190381,0,0,0,0,0,0,0,1663.44153,1,0.002442989,12
"J03","2012-01-09","J032012-01-09",0.673628927439145,0,0,4,1,0,0,0,1663.44153,1,0.002442989,12
"J03","2012-01-17","J032012-01-17",0.640340821396647,0,0,1,1,0,0,0,1663.44153,1,0.002442989,12
"J03","2012-01-25","J032012-01-25",0.563478008014302,0,0,0,0,0,0,0,1663.44153,1,0.002442989,12
"J03","2012-02-02","J032012-02-02",0.459360119484358,0,0,0,0,3,1,0,1663.44153,1,0.002442989,12
"J03","2012-02-10","J032012-02-10",0.416419919246299,1,1,0,0,4,1,0,1663.44153,1,0.002442989,12
"J03","2012-02-18","J032012-02-18",0.375868792541927,0,0,0,0,18,1,0,1663.44153,1,0.002442989,12
"J03","2012-02-26","J032012-02-26",0.367570984128006,0,0,0,0,1,1,0,1663.44153,1,0.002442989,12
"J03","2012-03-05","J032012-03-05",0.457128520257382,0,0,0,0,0,0,0,1663.44153,1,0.002442989,12
"J03","2012-03-13","J032012-03-13",0.523175605603762,0,0,0,0,0,0,0,1663.44153,1,0.002442989,12
"J03","2012-03-21","J032012-03-21",0.408536592871743,1,1,0,0,0,0,0,1663.44153,1,0.002442989,12
"J03","2012-03-29","J032012-03-29",0.353723868934317,0,0,0,0,0,0,0,1663.44153,1,0.002442989,12
"J03","2012-04-06","J032012-04-06",0.401517639838936,0,0,0,0,6,1,0,1663.44153,1,0.002442989,12
"J03","2012-04-14","J032012-04-14",0.509667759493529,0,0,0,0,5,1,0,1663.44153,1,0.002442989,12
"J03","2012-04-22","J032012-04-22",0.587884140757458,0,0,0,0,0,0,0,1663.44153,1,0.002442989,12
"J03","2012-04-30","J032012-04-30",0.701940575075702,0,0,0,0,0,0,0,1663.44153,1,0.002442989,12
"J03","2012-05-08","J032012-05-08",0.78839576614632,0,0,0,0,0,0,0,1663.44153,1,0.002442989,12
"J03","2012-05-16","J032012-05-16",0.772571784085531,0,0,0,0,0,0,0,1663.44153,1,0.002442989,12
"J03","2012-05-24","J032012-05-24",0.70893198233411,0,0,0,0,2,1,0,1663.44153,1,0.002442989,12
"J03","2012-06-01","J032012-06-01",0.511152986989459,0,0,0,0,10,1,0,1663.44153,1,0.002442989,12
"J03","2012-06-09","J032012-06-09",0.428909681174653,0,0,0,0,0,0,0,1663.44153,1,0.002442989,12
"J03","2012-06-17","J032012-06-17",0.433493583645182,0,0,0,0,27,1,0,1663.44153,1,0.002442989,12
"J03","2012-06-25","J032012-06-25",0.427264133812602,0,0,1,1,4,1,0,1663.44153,1,0.002442989,12
"J03","2012-07-03","J032012-07-03",0.375192366882118,8,1,0,0,2,1,0,1663.44153,1,0.002442989,12
"J03","2012-07-11","J032012-07-11",0.336509903389182,0,0,0,0,0,0,0,1663.44153,1,0.002442989,12
"J03","2012-07-19","J032012-07-19",0.312774992744579,16,1,0,0,0,0,0,1663.44153,1,0.002442989,12
"J03","2012-07-27","J032012-07-27",0.300811056183022,3,1,1,1,0,0,0,1663.44153,1,0.002442989,12
"J03","2012-08-04","J032012-08-04",0.27613854807411,20,1,2,1,0,0,0,1663.44153,1,0.002442989,12
"J03","2012-08-12","J032012-08-12",0.30029516444465,7,1,0,0,0,0,0,1663.44153,1,0.002442989,12
"J03","2012-08-20","J032012-08-20",0.263893257823328,0,0,7,1,0,0,0,1663.44153,1,0.002442989,12
"J03","2012-08-28","J032012-08-28",0.421021076892543,0,0,2,1,1,1,0,1663.44153,1,0.002442989,12
"J03","2012-09-05","J032012-09-05",0.421021076892543,0,0,1,1,0,0,0,1663.44153,1,0.002442989,12
"J03","2012-09-13","J032012-09-13",0.395688475224583,0,0,0,0,0,0,0,1663.44153,1,0.002442989,12
"J03","2012-09-21","J032012-09-21",0.322439434771328,0,0,0,0,0,0,0,1663.44153,1,0.002442989,12
"J03","2012-09-29","J032012-09-29",0.315483615950156,0,0,0,0,0,0,0,1663.44153,1,0.002442989,12
"J03","2012-10-07","J032012-10-07",0.307968261006289,0,0,0,0,0,0,0,1663.44153,1,0.002442989,12
"J03","2012-10-15","J032012-10-15",0.330587454984183,38,1,0,0,18,1,0,1663.44153,1,0.002442989,12
"J03","2012-10-23","J032012-10-23",0.290251347881367,21,1,0,0,2,1,0,1663.44153,1,0.002442989,12
"J03","2012-10-31","J032012-10-31",0.560059614644724,1,1,0,0,2,1,0,1663.44153,1,0.002442989,12
"J03","2012-11-08","J032012-11-08",0.342169710092789,0,0,0,0,1,1,0,1663.44153,1,0.002442989,12
"J03","2012-11-16","J032012-11-16",0.331306497318532,0,0,0,0,4,1,0,1663.44153,1,0.002442989,12
"J03","2012-11-24","J032012-11-24",0.309211505812749,0,0,0,0,5,1,0,1663.44153,1,0.002442989,12
"J03","2012-12-02","J032012-12-02",0.324360909731029,0,0,0,0,5,1,0,1663.44153,1,0.002442989,12
"J03","2012-12-10","J032012-12-10",0.546194667454601,0,0,1,1,0,0,0,1663.44153,1,0.002442989,12
"J03","2012-12-18","J032012-12-18",0.158203175448494,0,0,0,0,3,1,0,1663.44153,1,0.002442989,12
"J03","2012-12-26","J032012-12-26",0.465014127953311,0,0,0,0,0,0,0,1663.44153,1,0.002442989,12
"J05","2012-01-01","J052012-01-01",0.749788622693714,0,0,0,0,0,0,0,1495.466296,0,0.001195887,0
"J05","2012-01-09","J052012-01-09",0.676386846257076,0,0,0,0,0,0,0,1495.466296,0,0.001195887,0
"J05","2012-01-17","J052012-01-17",0.611205968512747,0,0,1,1,0,0,0,1495.466296,0,0.001195887,0
"J05","2012-01-25","J052012-01-25",0.560376459688312,0,0,0,0,0,0,0,1495.466296,0,0.001195887,0
"J05","2012-02-02","J052012-02-02",0.496522403405897,0,0,0,0,0,0,0,1495.466296,0,0.001195887,0
"J05","2012-02-10","J052012-02-10",0.433795164992676,0,0,0,0,0,0,0,1495.466296,0,0.001195887,0
"J05","2012-02-18","J052012-02-18",0.397802095797692,1,1,0,0,5,1,0,1495.466296,0,0.001195887,0
"J05","2012-02-26","J052012-02-26",0.336168403146927,2,1,0,0,21,1,0,1495.466296,0,0.001195887,0
"J05","2012-03-05","J052012-03-05",0.442465098511499,0,0,0,0,5,1,0,1495.466296,0,0.001195887,0
"J05","2012-03-13","J052012-03-13",0.498106860513376,0,0,0,0,0,0,0,1495.466296,0,0.001195887,0
"J05","2012-03-21","J052012-03-21",0.395715992699511,0,0,0,0,0,0,0,1495.466296,0,0.001195887,0
"J05","2012-03-29","J052012-03-29",0.335427618940207,0,0,0,0,0,0,0,1495.466296,0,0.001195887,0
"J05","2012-04-06","J052012-04-06",0.444113851182508,0,0,0,0,0,0,0,1495.466296,0,0.001195887,0
"J05","2012-04-14","J052012-04-14",0.378945580469698,0,0,0,0,1,1,0,1495.466296,0,0.001195887,0
"J05","2012-04-22","J052012-04-22",0.584972194059173,0,0,0,0,0,0,0,1495.466296,0,0.001195887,0
"J05","2012-04-30","J052012-04-30",0.667113412960033,0,0,0,0,0,0,0,1495.466296,0,0.001195887,0
"J05","2012-05-08","J052012-05-08",0.772057847360041,0,0,0,0,0,0,0,1495.466296,0,0.001195887,0
"J05","2012-05-16","J052012-05-16",0.752378542155168,0,0,0,0,0,0,0,1495.466296,0,0.001195887,0
"J05","2012-05-24","J052012-05-24",0.706667791707595,0,0,0,0,0,0,0,1495.466296,0,0.001195887,0
"J05","2012-06-01","J052012-06-01",0.599581214321182,0,0,0,0,2,1,0,1495.466296,0,0.001195887,0
"J05","2012-06-09","J052012-06-09",0.500777239750211,0,0,8,1,0,0,0,1495.466296,0,0.001195887,0
"J05","2012-06-17","J052012-06-17",0.469569943582346,0,0,0,0,0,0,0,1495.466296,0,0.001195887,0
"J05","2012-06-25","J052012-06-25",0.426890854122093,0,0,0,0,63,1,0,1495.466296,0,0.001195887,0
"J05","2012-07-03","J052012-07-03",0.373282007405335,0,0,0,0,4,1,0,1495.466296,0,0.001195887,0
"J05","2012-07-11","J052012-07-11",0.329734963966064,2,1,0,0,0,0,0,1495.466296,0,0.001195887,0
"J05","2012-07-19","J052012-07-19",0.331339825736232,14,1,0,0,0,0,0,1495.466296,0,0.001195887,0
"J05","2012-07-27","J052012-07-27",0.318366898437472,13,1,0,0,0,0,0,1495.466296,0,0.001195887,0
"J05","2012-08-04","J052012-08-04",0.291564462131715,6,1,0,0,0,0,0,1495.466296,0,0.001195887,0
"J05","2012-08-12","J052012-08-12",0.302186930005474,2,1,0,0,0,0,0,1495.466296,0,0.001195887,0
"J05","2012-08-20","J052012-08-20",0.269041378747172,5,1,0,0,0,0,0,1495.466296,0,0.001195887,0
"J05","2012-08-28","J052012-08-28",0.31114647055114,36,1,0,0,2,1,0,1495.466296,0,0.001195887,0
"J05","2012-09-05","J052012-09-05",0.31114647055114,10,1,0,0,0,0,0,1495.466296,0,0.001195887,0
"J05","2012-09-13","J052012-09-13",0.361910821200533,2,1,0,0,0,0,0,1495.466296,0,0.001195887,0
"J05","2012-09-21","J052012-09-21",0.308504108326737,2,1,0,0,1,1,0,1495.466296,0,0.001195887,0
"J05","2012-09-29","J052012-09-29",0.299757491405184,0,0,0,0,0,0,0,1495.466296,0,0.001195887,0
"J05","2012-10-07","J052012-10-07",0.280431588591193,5,1,0,0,0,0,0,1495.466296,0,0.001195887,0
"J05","2012-10-15","J052012-10-15",0.296413158376436,7,1,0,0,2,1,0,1495.466296,0,0.001195887,0
"J05","2012-10-23","J052012-10-23",0.334124647407815,1,1,0,0,7,1,0,1495.466296,0,0.001195887,0
"J05","2012-10-31","J052012-10-31",0.594052507509806,0,0,1,1,0,0,0,1495.466296,0,0.001195887,0
"J05","2012-11-08","J052012-11-08",0.503049830394799,0,0,4,1,0,0,0,1495.466296,0,0.001195887,0
"J05","2012-11-16","J052012-11-16",0.458032348323043,0,0,7,1,23,1,0,1495.466296,0,0.001195887,0
"J05","2012-11-24","J052012-11-24",0.402296375585611,0,0,0,0,0,0,0,1495.466296,0,0.001195887,0
"J05","2012-12-02","J052012-12-02",0.353299528963925,0,0,0,0,4,1,0,1495.466296,0,0.001195887,0
"J05","2012-12-10","J052012-12-10",0.490464785693477,0,0,0,0,0,0,0,1495.466296,0,0.001195887,0
"J05","2012-12-18","J052012-12-18",0.104494426944444,0,0,0,0,0,0,0,1495.466296,0,0.001195887,0
"J05","2012-12-26","J052012-12-26",0.261576354679803,0,0,0,0,0,0,0,1495.466296,0,0.001195887,0
"J06","2012-01-01","J062012-01-01",0.720654531093873,0,0,0,0,0,0,0,565.7308085,0,0.0004998,3
"J06","2012-01-09","J062012-01-09",0.618904629952946,0,0,0,0,0,0,0,565.7308085,0,0.0004998,3
"J06","2012-01-17","J062012-01-17",0.566247700500579,0,0,0,0,0,0,0,565.7308085,0,0.0004998,3
"J06","2012-01-25","J062012-01-25",0.525097961557891,0,0,0,0,0,0,0,565.7308085,0,0.0004998,3
"J06","2012-02-02","J062012-02-02",0.460664040792164,0,0,0,0,3,1,0,565.7308085,0,0.0004998,3
"J06","2012-02-10","J062012-02-10",0.423280909113153,0,0,0,0,0,0,0,565.7308085,0,0.0004998,3
"J06","2012-02-18","J062012-02-18",0.376718031160571,0,0,0,0,7,1,0,565.7308085,0,0.0004998,3
"J06","2012-02-26","J062012-02-26",0.390631465360424,0,0,0,0,64,1,0,565.7308085,0,0.0004998,3
"J06","2012-03-05","J062012-03-05",0.404058968446519,0,0,0,0,0,0,0,565.7308085,0,0.0004998,3
"J06","2012-03-13","J062012-03-13",0.458172355316673,0,0,0,0,4,1,0,565.7308085,0,0.0004998,3
"J06","2012-03-21","J062012-03-21",0.405230157056321,0,0,0,0,0,0,0,565.7308085,0,0.0004998,3
"J06","2012-03-29","J062012-03-29",0.326155880720148,0,0,0,0,4,1,0,565.7308085,0,0.0004998,3
"J06","2012-04-06","J062012-04-06",0.420446989854529,0,0,0,0,0,0,0,565.7308085,0,0.0004998,3
"J06","2012-04-14","J062012-04-14",0.436659050633819,0,0,0,0,3,1,0,565.7308085,0,0.0004998,3
"J06","2012-04-22","J062012-04-22",0.575041521950711,0,0,0,0,1,1,0,565.7308085,0,0.0004998,3
"J06","2012-04-30","J062012-04-30",0.651011644620232,0,0,0,0,1,1,0,565.7308085,0,0.0004998,3
"J06","2012-05-08","J062012-05-08",0.716227605701613,0,0,0,0,0,0,0,565.7308085,0,0.0004998,3
"J06","2012-05-16","J062012-05-16",0.723181454404085,0,0,0,0,1,1,0,565.7308085,0,0.0004998,3
"J06","2012-05-24","J062012-05-24",0.69407150725136,0,0,0,0,12,1,0,565.7308085,0,0.0004998,3
"J06","2012-06-01","J062012-06-01",0.515896251749126,0,0,0,0,0,0,0,565.7308085,0,0.0004998,3
"J06","2012-06-09","J062012-06-09",0.498781576863406,0,0,1,1,2,1,0,565.7308085,0,0.0004998,3
"J06","2012-06-17","J062012-06-17",0.430307170661934,0,0,0,0,14,1,0,565.7308085,0,0.0004998,3
"J06","2012-06-25","J062012-06-25",0.430092505341885,3,1,0,0,33,1,0,565.7308085,0,0.0004998,3
"J06","2012-07-03","J062012-07-03",0.362206454410774,26,1,0,0,2,1,0,565.7308085,0,0.0004998,3
"J06","2012-07-11","J062012-07-11",0.324523199148135,2,1,0,0,0,0,0,565.7308085,0,0.0004998,3
"J06","2012-07-19","J062012-07-19",0.300404897316208,6,1,0,0,0,0,0,565.7308085,0,0.0004998,3
"J06","2012-07-27","J062012-07-27",0.295122977782608,0,0,0,0,0,0,0,565.7308085,0,0.0004998,3
"J06","2012-08-04","J062012-08-04",0.279167644010454,0,0,1,1,0,0,0,565.7308085,0,0.0004998,3
"J06","2012-08-12","J062012-08-12",0.303676335970032,0,0,0,0,0,0,0,565.7308085,0,0.0004998,3
"J06","2012-08-20","J062012-08-20",0.271884927621015,0,0,0,0,0,0,0,565.7308085,0,0.0004998,3
"J06","2012-08-28","J062012-08-28",0.274844706005402,0,0,0,0,0,0,0,565.7308085,0,0.0004998,3
"J06","2012-09-05","J062012-09-05",0.274844706005402,0,0,0,0,1,1,0,565.7308085,0,0.0004998,3
"J06","2012-09-13","J062012-09-13",0.264234639763714,0,0,0,0,0,0,0,565.7308085,0,0.0004998,3
"J06","2012-09-21","J062012-09-21",0.240765335571131,0,0,0,0,0,0,0,565.7308085,0,0.0004998,3
"J06","2012-09-29","J062012-09-29",0.231601500120483,0,0,0,0,0,0,0,565.7308085,0,0.0004998,3
"J06","2012-10-07","J062012-10-07",0.223427505807475,0,0,0,0,0,0,0,565.7308085,0,0.0004998,3
"J06","2012-10-15","J062012-10-15",0.249181449339573,0,0,0,0,17,1,0,565.7308085,0,0.0004998,3
"J06","2012-10-23","J062012-10-23",0.237354270864045,0,0,0,0,1,1,0,565.7308085,0,0.0004998,3
"J06","2012-10-31","J062012-10-31",0.363991234224392,3,1,0,0,14,1,0,565.7308085,0,0.0004998,3
"J06","2012-11-08","J062012-11-08",0.446435878002893,0,0,0,0,9,1,0,565.7308085,0,0.0004998,3
"J06","2012-11-16","J062012-11-16",0.393557661124311,0,0,0,0,28,1,0,565.7308085,0,0.0004998,3
"J06","2012-11-24","J062012-11-24",0.33187279212353,0,0,0,0,0,0,0,565.7308085,0,0.0004998,3
"J06","2012-12-02","J062012-12-02",0.294139083952932,2,1,0,0,0,0,0,565.7308085,0,0.0004998,3
"J06","2012-12-10","J062012-12-10",0.507230176615756,10,1,0,0,3,1,0,565.7308085,0,0.0004998,3
"J06","2012-12-18","J062012-12-18",0.390115824098103,0,0,0,0,2,1,0,565.7308085,0,0.0004998,3
"J06","2012-12-26","J062012-12-26",0.236600088861534,0,0,0,0,3,1,0,565.7308085,0,0.0004998,3
"J12","2012-01-01","J122012-01-01",0.755187969924812,0,0,0,0,0,0,0,1658.38779,0,0.000555157,3
"J12","2012-01-09","J122012-01-09",0.697684341232972,0,0,0,0,0,0,0,1658.38779,0,0.000555157,3
"J12","2012-01-17","J122012-01-17",0.612778585356549,0,0,0,0,0,0,0,1658.38779,0,0.000555157,3
"J12","2012-01-25","J122012-01-25",0.603578745689647,0,0,0,0,0,0,0,1658.38779,0,0.000555157,3
"J12","2012-02-02","J122012-02-02",0.533092683793467,0,0,0,0,1,1,0,1658.38779,0,0.000555157,3
"J12","2012-02-10","J122012-02-10",0.447733107553643,1,1,0,0,0,0,0,1658.38779,0,0.000555157,3
"J12","2012-02-18","J122012-02-18",0.375823790551872,0,0,0,0,0,0,0,1658.38779,0,0.000555157,3
"J12","2012-02-26","J122012-02-26",0.35594823219074,0,0,0,0,19,1,0,1658.38779,0,0.000555157,3
"J12","2012-03-05","J122012-03-05",0.387535034951518,0,0,0,0,0,0,0,1658.38779,0,0.000555157,3
"J12","2012-03-13","J122012-03-13",0.377525792250879,0,0,0,0,1,1,0,1658.38779,0,0.000555157,3
"J12","2012-03-21","J122012-03-21",0.333619898503666,0,0,0,0,0,0,0,1658.38779,0,0.000555157,3
"J12","2012-03-29","J122012-03-29",0.27672741283868,0,0,0,0,0,0,0,1658.38779,0,0.000555157,3
"J12","2012-04-06","J122012-04-06",0.44649049808959,0,0,0,0,22,1,0,1658.38779,0,0.000555157,3
"J12","2012-04-14","J122012-04-14",0.551032418962827,0,0,0,0,0,0,0,1658.38779,0,0.000555157,3
"J12","2012-04-22","J122012-04-22",0.666460537044311,0,0,0,0,0,0,0,1658.38779,0,0.000555157,3
"J12","2012-04-30","J122012-04-30",0.697438190628198,0,0,0,0,0,0,0,1658.38779,0,0.000555157,3
"J12","2012-05-08","J122012-05-08",0.734904045559742,0,0,0,0,0,0,0,1658.38779,0,0.000555157,3
"J12","2012-05-16","J122012-05-16",0.735092939406003,0,0,0,0,0,0,0,1658.38779,0,0.000555157,3
"J12","2012-05-24","J122012-05-24",0.683697224254612,0,0,0,0,0,0,0,1658.38779,0,0.000555157,3
"J12","2012-06-01","J122012-06-01",0.604976754828754,0,0,0,0,0,0,0,1658.38779,0,0.000555157,3
"J12","2012-06-09","J122012-06-09",0.53359995972142,0,0,0,0,26,1,0,1658.38779,0,0.000555157,3
"J12","2012-06-17","J122012-06-17",0.507517870347548,0,0,0,0,0,0,0,1658.38779,0,0.000555157,3
"J12","2012-06-25","J122012-06-25",0.497068465061706,0,0,0,0,0,0,0,1658.38779,0,0.000555157,3
"J12","2012-07-03","J122012-07-03",0.463127288141317,0,0,0,0,0,0,0,1658.38779,0,0.000555157,3
"J12","2012-07-11","J122012-07-11",0.393772635243834,0,0,1,1,0,0,0,1658.38779,0,0.000555157,3
"J12","2012-07-19","J122012-07-19",0.352173031554561,0,0,0,0,0,0,0,1658.38779,0,0.000555157,3
"J12","2012-07-27","J122012-07-27",0.326452562381747,0,0,2,1,1,1,0,1658.38779,0,0.000555157,3
"J12","2012-08-04","J122012-08-04",0.297645783369866,0,0,0,0,0,0,0,1658.38779,0,0.000555157,3
"J12","2012-08-12","J122012-08-12",0.289456891925914,0,0,0,0,0,0,0,1658.38779,0,0.000555157,3
"J12","2012-08-20","J122012-08-20",0.267003549040173,0,0,0,0,0,0,0,1658.38779,0,0.000555157,3
"J12","2012-08-28","J122012-08-28",0.257618459586372,0,0,0,0,0,0,0,1658.38779,0,0.000555157,3
"J12","2012-09-05","J122012-09-05",0.257618459586372,0,0,0,0,0,0,0,1658.38779,0,0.000555157,3
"J12","2012-09-13","J122012-09-13",0.276098075829263,0,0,0,0,0,0,0,1658.38779,0,0.000555157,3
"J12","2012-09-21","J122012-09-21",0.239536662950276,0,0,0,0,0,0,0,1658.38779,0,0.000555157,3
"J12","2012-09-29","J122012-09-29",0.242698828141144,0,0,0,0,0,0,0,1658.38779,0,0.000555157,3
"J12","2012-10-07","J122012-10-07",0.216466116684483,0,0,0,0,0,0,0,1658.38779,0,0.000555157,3
"J12","2012-10-15","J122012-10-15",0.385750846417394,0,0,0,0,7,1,0,1658.38779,0,0.000555157,3
"J12","2012-10-23","J122012-10-23",0.372597366858553,0,0,0,0,1,1,0,1658.38779,0,0.000555157,3
"J12","2012-10-31","J122012-10-31",0.576383151608756,0,0,0,0,0,0,0,1658.38779,0,0.000555157,3
"J12","2012-11-08","J122012-11-08",0.598492873727165,0,0,0,0,82,1,0,1658.38779,0,0.000555157,3
"J12","2012-11-16","J122012-11-16",0.4539469408653,0,0,0,0,0,0,0,1658.38779,0,0.000555157,3
"J12","2012-11-24","J122012-11-24",0.374443113254886,0,0,0,0,2,1,0,1658.38779,0,0.000555157,3
"J12","2012-12-02","J122012-12-02",0.417866996251453,1,1,0,0,117,1,0,1658.38779,0,0.000555157,3
"J12","2012-12-10","J122012-12-10",0.507537118783494,0,0,0,0,0,0,0,1658.38779,0,0.000555157,3
"J12","2012-12-18","J122012-12-18",0.463487471332993,0,0,0,0,0,0,0,1658.38779,0,0.000555157,3
"J12","2012-12-26","J122012-12-26",0.594983746191714,0,0,1,1,0,0,0,1658.38779,0,0.000555157,3
"M06","2012-01-01","M062012-01-01",0.756642264444238,0,0,0,0,0,0,0,2016.77019,0,0.00162718,0
"M06","2012-01-09","M062012-01-09",0.674181736473893,0,0,0,0,0,0,0,2016.77019,0,0.00162718,0
"M06","2012-01-17","M062012-01-17",0.617488106217422,0,0,0,0,0,0,0,2016.77019,0,0.00162718,0
"M06","2012-01-25","M062012-01-25",0.58656410258519,0,0,0,0,0,0,0,2016.77019,0,0.00162718,0
"M06","2012-02-02","M062012-02-02",0.50237339556006,0,0,0,0,0,0,0,2016.77019,0,0.00162718,0
"M06","2012-02-10","M062012-02-10",0.452885650959535,0,0,0,0,0,0,0,2016.77019,0,0.00162718,0
"M06","2012-02-18","M062012-02-18",0.411029042781769,0,0,0,0,2,1,0,2016.77019,0,0.00162718,0
"M06","2012-02-26","M062012-02-26",0.386133604453346,0,0,0,0,3,1,0,2016.77019,0,0.00162718,0
"M06","2012-03-05","M062012-03-05",0.408511748075622,0,0,0,0,0,0,0,2016.77019,0,0.00162718,0
"M06","2012-03-13","M062012-03-13",0.386817439209742,0,0,0,0,0,0,0,2016.77019,0,0.00162718,0
"M06","2012-03-21","M062012-03-21",0.354171584496328,0,0,0,0,0,0,0,2016.77019,0,0.00162718,0
"M06","2012-03-29","M062012-03-29",0.300387181356813,0,0,0,0,0,0,0,2016.77019,0,0.00162718,0
"M06","2012-04-06","M062012-04-06",0.418218061340337,0,0,0,0,0,0,0,2016.77019,0,0.00162718,0
"M06","2012-04-14","M062012-04-14",0.369503921172575,0,0,0,0,14,1,0,2016.77019,0,0.00162718,0
"M06","2012-04-22","M062012-04-22",0.560584438484138,0,0,0,0,0,0,0,2016.77019,0,0.00162718,0
"M06","2012-04-30","M062012-04-30",0.701259283072002,0,0,0,0,0,0,0,2016.77019,0,0.00162718,0
"M06","2012-05-08","M062012-05-08",0.761686905084206,0,0,0,0,0,0,0,2016.77019,0,0.00162718,0
"M06","2012-05-16","M062012-05-16",0.752961789699219,0,0,0,0,0,0,0,2016.77019,0,0.00162718,0
"M06","2012-05-24","M062012-05-24",0.713525614100574,0,0,0,0,13,1,0,2016.77019,0,0.00162718,0
"M06","2012-06-01","M062012-06-01",0.576070329782812,0,0,0,0,0,0,0,2016.77019,0,0.00162718,0
"M06","2012-06-09","M062012-06-09",0.502714628497323,0,0,0,0,0,0,0,2016.77019,0,0.00162718,0
"M06","2012-06-17","M062012-06-17",0.479399295842446,0,0,0,0,7,1,0,2016.77019,0,0.00162718,0
"M06","2012-06-25","M062012-06-25",0.480704188734332,0,0,0,0,21,1,0,2016.77019,0,0.00162718,0
"M06","2012-07-03","M062012-07-03",0.405738754056665,0,0,0,0,0,0,0,2016.77019,0,0.00162718,0
"M06","2012-07-11","M062012-07-11",0.355502237848137,0,0,0,0,0,0,0,2016.77019,0,0.00162718,0
"M06","2012-07-19","M062012-07-19",0.317334820627402,0,0,0,0,0,0,0,2016.77019,0,0.00162718,0
"M06","2012-07-27","M062012-07-27",0.318527371993588,0,0,0,0,0,0,0,2016.77019,0,0.00162718,0
"M06","2012-08-04","M062012-08-04",0.298471115041551,0,0,0,0,0,0,0,2016.77019,0,0.00162718,0
"M06","2012-08-12","M062012-08-12",0.312568706485892,0,0,0,0,1,1,0,2016.77019,0,0.00162718,0
"M06","2012-08-20","M062012-08-20",0.268067309565291,0,0,0,0,0,0,0,2016.77019,0,0.00162718,0
"M06","2012-08-28","M062012-08-28",0.395159758881955,0,0,0,0,0,0,0,2016.77019,0,0.00162718,0
"M06","2012-09-05","M062012-09-05",0.395159758881955,0,0,0,0,0,0,0,2016.77019,0,0.00162718,0
"M06","2012-09-13","M062012-09-13",0.29557689303909,0,0,0,0,0,0,0,2016.77019,0,0.00162718,0
"M06","2012-09-21","M062012-09-21",0.279426168095483,0,0,0,0,0,0,0,2016.77019,0,0.00162718,0
"M06","2012-09-29","M062012-09-29",0.264048118705962,0,0,0,0,0,0,0,2016.77019,0,0.00162718,0
"M06","2012-10-07","M062012-10-07",0.252384982180064,0,0,0,0,0,0,0,2016.77019,0,0.00162718,0
"M06","2012-10-15","M062012-10-15",0.300676129140452,0,0,0,0,0,0,0,2016.77019,0,0.00162718,0
"M06","2012-10-23","M062012-10-23",0.269658987438744,0,0,0,0,1,1,0,2016.77019,0,0.00162718,0
"M06","2012-10-31","M062012-10-31",0.503472363994152,0,0,0,0,0,0,0,2016.77019,0,0.00162718,0
"M06","2012-11-08","M062012-11-08",0.523684766446763,0,0,0,0,5,1,0,2016.77019,0,0.00162718,0
"M06","2012-11-16","M062012-11-16",0.381596127430237,0,0,0,0,20,1,0,2016.77019,0,0.00162718,0
"M06","2012-11-24","M062012-11-24",0.344741569960156,0,0,0,0,0,0,0,2016.77019,0,0.00162718,0
"M06","2012-12-02","M062012-12-02",0.279910676539309,0,0,0,0,0,0,0,2016.77019,0,0.00162718,0
"M06","2012-12-10","M062012-12-10",0.361500322612778,0,0,0,0,1,1,0,2016.77019,0,0.00162718,0
"M06","2012-12-18","M062012-12-18",0.41120417917463,0,0,0,0,0,0,0,2016.77019,0,0.00162718,0
"M06","2012-12-26","M062012-12-26",0.24252795130801,0,0,0,0,0,0,0,2016.77019,0,0.00162718,0
"M08","2012-01-01","M082012-01-01",0.733811765045216,0,0,0,0,0,0,0,5464.217745,3,0.00170459,0
"M08","2012-01-09","M082012-01-09",0.651154628857955,0,0,0,0,0,0,0,5464.217745,3,0.00170459,0
"M08","2012-01-17","M082012-01-17",0.604745618394257,0,0,0,0,0,0,0,5464.217745,3,0.00170459,0
"M08","2012-01-25","M082012-01-25",0.56600525806861,0,0,0,0,0,0,0,5464.217745,3,0.00170459,0
"M08","2012-02-02","M082012-02-02",0.517996104340425,0,0,0,0,0,0,0,5464.217745,3,0.00170459,0
"M08","2012-02-10","M082012-02-10",0.446599289811527,0,0,0,0,0,0,0,5464.217745,3,0.00170459,0
"M08","2012-02-18","M082012-02-18",0.412976078248542,0,0,0,0,0,0,0,5464.217745,3,0.00170459,0
"M08","2012-02-26","M082012-02-26",0.286053949115311,0,0,0,0,19,1,0,5464.217745,3,0.00170459,0
"M08","2012-03-05","M082012-03-05",0.479953137396279,0,0,0,0,0,0,0,5464.217745,3,0.00170459,0
"M08","2012-03-13","M082012-03-13",0.522966630800954,0,0,0,0,0,0,0,5464.217745,3,0.00170459,0
"M08","2012-03-21","M082012-03-21",0.460552352997644,0,0,0,0,0,0,0,5464.217745,3,0.00170459,0
"M08","2012-03-29","M082012-03-29",0.361208023858996,0,0,0,0,0,0,0,5464.217745,3,0.00170459,0
"M08","2012-04-06","M082012-04-06",0.507858684597293,0,0,0,0,0,0,0,5464.217745,3,0.00170459,0
"M08","2012-04-14","M082012-04-14",0.517153211354334,0,0,0,0,37,1,0,5464.217745,3,0.00170459,0
"M08","2012-04-22","M082012-04-22",0.579750506145226,0,0,0,0,0,0,0,5464.217745,3,0.00170459,0
"M08","2012-04-30","M082012-04-30",0.638158726794109,0,0,0,0,0,0,0,5464.217745,3,0.00170459,0
"M08","2012-05-08","M082012-05-08",0.724721309579238,0,0,0,0,0,0,0,5464.217745,3,0.00170459,0
"M08","2012-05-16","M082012-05-16",0.691240818253501,0,0,0,0,0,0,0,5464.217745,3,0.00170459,0
"M08","2012-05-24","M082012-05-24",0.673787490128918,0,0,0,0,4,1,0,5464.217745,3,0.00170459,0
"M08","2012-06-01","M082012-06-01",0.595384712172618,0,0,0,0,0,0,0,5464.217745,3,0.00170459,0
"M08","2012-06-09","M082012-06-09",0.507310325985665,0,0,0,0,0,0,0,5464.217745,3,0.00170459,0
"M08","2012-06-17","M082012-06-17",0.48267627457038,0,0,0,0,0,0,0,5464.217745,3,0.00170459,0
"M08","2012-06-25","M082012-06-25",0.453976226417124,0,0,0,0,37,1,0,5464.217745,3,0.00170459,0
"M08","2012-07-03","M082012-07-03",0.422474503160349,0,0,0,0,0,0,0,5464.217745,3,0.00170459,0
"M08","2012-07-11","M082012-07-11",0.3874220820004,0,0,0,0,0,0,0,5464.217745,3,0.00170459,0
"M08","2012-07-19","M082012-07-19",0.343393219328151,0,0,0,0,0,0,0,5464.217745,3,0.00170459,0
"M08","2012-07-27","M082012-07-27",0.331608129574501,0,0,0,0,0,0,0,5464.217745,3,0.00170459,0
"M08","2012-08-04","M082012-08-04",0.320632814067515,0,0,0,0,0,0,0,5464.217745,3,0.00170459,0
"M08","2012-08-12","M082012-08-12",0.350262467684816,0,0,0,0,0,0,0,5464.217745,3,0.00170459,0
"M08","2012-08-20","M082012-08-20",0.368921966767582,0,0,0,0,0,0,0,5464.217745,3,0.00170459,0
"M08","2012-08-28","M082012-08-28",0.36698237809233,0,0,0,0,0,0,0,5464.217745,3,0.00170459,0
"M08","2012-09-05","M082012-09-05",0.36698237809233,0,0,0,0,0,0,0,5464.217745,3,0.00170459,0
"M08","2012-09-13","M082012-09-13",0.35346659474406,0,0,0,0,0,0,0,5464.217745,3,0.00170459,0
"M08","2012-09-21","M082012-09-21",0.30089743723818,0,0,0,0,0,0,0,5464.217745,3,0.00170459,0
"M08","2012-09-29","M082012-09-29",0.294477798110012,0,0,0,0,0,0,0,5464.217745,3,0.00170459,0
"M08","2012-10-07","M082012-10-07",0.28461281868954,0,0,0,0,0,0,0,5464.217745,3,0.00170459,0
"M08","2012-10-15","M082012-10-15",0.31672799362712,0,0,0,0,0,0,0,5464.217745,3,0.00170459,0
"M08","2012-10-23","M082012-10-23",0.272737645368876,0,0,0,0,0,0,0,5464.217745,3,0.00170459,0
"M08","2012-10-31","M082012-10-31",0.144426252400557,0,0,0,0,0,0,0,5464.217745,3,0.00170459,0
"M08","2012-11-08","M082012-11-08",0.450046075451087,0,0,0,0,1,1,0,5464.217745,3,0.00170459,0
"M08","2012-11-16","M082012-11-16",0.453288919692586,0,0,0,0,0,0,0,5464.217745,3,0.00170459,0
"M08","2012-11-24","M082012-11-24",0.381362159103197,0,0,0,0,0,0,0,5464.217745,3,0.00170459,0
"M08","2012-12-02","M082012-12-02",0.341070955038437,0,0,0,0,0,0,0,5464.217745,3,0.00170459,0
"M08","2012-12-10","M082012-12-10",0.432235241575088,0,0,0,0,3,1,0,5464.217745,3,0.00170459,0
"M08","2012-12-18","M082012-12-18",0.370911944430967,0,0,0,0,0,0,0,5464.217745,3,0.00170459,0
"M08","2012-12-26","M082012-12-26",0.220490335303079,0,0,0,0,0,0,0,5464.217745,3,0.00170459,0
"N05","2012-01-01","N052012-01-01",0.771917530109727,0,0,0,0,0,0,0,438.0985236,0,0.002253101,0
"N05","2012-01-09","N052012-01-09",0.70806830892395,0,0,0,0,0,0,0,438.0985236,0,0.002253101,0
"N05","2012-01-17","N052012-01-17",0.675615472436117,0,0,0,0,0,0,0,438.0985236,0,0.002253101,0
"N05","2012-01-25","N052012-01-25",0.585562291824367,0,0,0,0,0,0,0,438.0985236,0,0.002253101,0
"N05","2012-02-02","N052012-02-02",0.492309871921206,0,0,0,0,0,0,0,438.0985236,0,0.002253101,0
"N05","2012-02-10","N052012-02-10",0.451428441523477,0,0,0,0,3,1,0,438.0985236,0,0.002253101,0
"N05","2012-02-18","N052012-02-18",0.397445860425667,1,1,0,0,0,0,0,438.0985236,0,0.002253101,0
"N05","2012-02-26","N052012-02-26",0.425848493992344,0,0,0,0,0,0,0,438.0985236,0,0.002253101,0
"N05","2012-03-05","N052012-03-05",0.489299649356102,0,0,0,0,0,0,0,438.0985236,0,0.002253101,0
"N05","2012-03-13","N052012-03-13",0.43077757698327,0,0,0,0,0,0,0,438.0985236,0,0.002253101,0
"N05","2012-03-21","N052012-03-21",0.36935677588356,0,0,0,0,6,1,0,438.0985236,0,0.002253101,0
"N05","2012-03-29","N052012-03-29",0.333431553087012,0,0,0,0,0,0,0,438.0985236,0,0.002253101,0
"N05","2012-04-06","N052012-04-06",0.456993769413372,0,0,0,0,0,0,0,438.0985236,0,0.002253101,0
"N05","2012-04-14","N052012-04-14",0.446456284868687,0,0,0,0,11,1,0,438.0985236,0,0.002253101,0
"N05","2012-04-22","N052012-04-22",0.577263113765423,0,0,0,0,3,1,0,438.0985236,0,0.002253101,0
"N05","2012-04-30","N052012-04-30",0.507481994791126,0,0,0,0,0,0,0,438.0985236,0,0.002253101,0
"N05","2012-05-08","N052012-05-08",0.773462151726948,0,0,0,0,0,0,0,438.0985236,0,0.002253101,0
"N05","2012-05-16","N052012-05-16",0.768764084856344,0,0,0,0,0,0,0,438.0985236,0,0.002253101,0
"N05","2012-05-24","N052012-05-24",0.692225525483203,0,0,0,0,0,0,0,438.0985236,0,0.002253101,0
"N05","2012-06-01","N052012-06-01",0.559650917628874,0,0,0,0,0,0,0,438.0985236,0,0.002253101,0
"N05","2012-06-09","N052012-06-09",0.484687070381181,0,0,0,0,0,0,0,438.0985236,0,0.002253101,0
"N05","2012-06-17","N052012-06-17",0.45693568851745,0,0,0,0,0,0,0,438.0985236,0,0.002253101,0
"N05","2012-06-25","N052012-06-25",0.443438084106232,0,0,0,0,0,0,0,438.0985236,0,0.002253101,0
"N05","2012-07-03","N052012-07-03",0.40448246028141,0,0,0,0,0,0,0,438.0985236,0,0.002253101,0
"N05","2012-07-11","N052012-07-11",0.348162527634296,0,0,0,0,0,0,0,438.0985236,0,0.002253101,0
"N05","2012-07-19","N052012-07-19",0.324614570043271,0,0,0,0,0,0,0,438.0985236,0,0.002253101,0
"N05","2012-07-27","N052012-07-27",0.308180582466863,3,1,0,0,0,0,0,438.0985236,0,0.002253101,0
"N05","2012-08-04","N052012-08-04",0.294949875421946,1,1,0,0,0,0,0,438.0985236,0,0.002253101,0
"N05","2012-08-12","N052012-08-12",0.330949192395736,0,0,0,0,0,0,0,438.0985236,0,0.002253101,0
"N05","2012-08-20","N052012-08-20",0.301904334337165,1,1,0,0,0,0,0,438.0985236,0,0.002253101,0
"N05","2012-08-28","N052012-08-28",0.389128097618755,0,0,0,0,0,0,0,438.0985236,0,0.002253101,0
"N05","2012-09-05","N052012-09-05",0.389128097618755,0,0,0,0,0,0,0,438.0985236,0,0.002253101,0
"N05","2012-09-13","N052012-09-13",0.313727282629863,0,0,0,0,0,0,0,438.0985236,0,0.002253101,0
"N05","2012-09-21","N052012-09-21",0.30012523544601,0,0,0,0,0,0,0,438.0985236,0,0.002253101,0
"N05","2012-09-29","N052012-09-29",0.277280369961704,0,0,0,0,0,0,0,438.0985236,0,0.002253101,0
"N05","2012-10-07","N052012-10-07",0.264354551680103,0,0,0,0,0,0,0,438.0985236,0,0.002253101,0
"N05","2012-10-15","N052012-10-15",0.3176829839677,0,0,0,0,2,1,0,438.0985236,0,0.002253101,0
"N05","2012-10-23","N052012-10-23",0.287817573135841,0,0,0,0,0,0,0,438.0985236,0,0.002253101,0
"N05","2012-10-31","N052012-10-31",0.456424957720122,0,0,0,0,0,0,0,438.0985236,0,0.002253101,0
"N05","2012-11-08","N052012-11-08",0.452103840797975,0,0,0,0,1,1,0,438.0985236,0,0.002253101,0
"N05","2012-11-16","N052012-11-16",0.408737491974336,0,0,0,0,35,1,0,438.0985236,0,0.002253101,0
"N05","2012-11-24","N052012-11-24",0.3506712499722,0,0,0,0,1,1,0,438.0985236,0,0.002253101,0
"N05","2012-12-02","N052012-12-02",0.363323923135567,0,0,0,0,0,0,0,438.0985236,0,0.002253101,0
"N05","2012-12-10","N052012-12-10",0.459555952673504,0,0,0,0,0,0,0,438.0985236,0,0.002253101,0
"N05","2012-12-18","N052012-12-18",0.182564845366107,0,0,0,0,0,0,0,438.0985236,0,0.002253101,0
"N05","2012-12-26","N052012-12-26",0.165170337509743,0,0,0,0,3,1,0,438.0985236,0,0.002253101,0
"N08","2012-01-01","N082012-01-01",0.736216078365022,0,0,0,0,0,0,0,2829.406619,0,0.001590415,0
"N08","2012-01-09","N082012-01-09",0.668819434829905,0,0,0,0,0,0,0,2829.406619,0,0.001590415,0
"N08","2012-01-17","N082012-01-17",0.64935411305984,0,0,0,0,0,0,0,2829.406619,0,0.001590415,0
"N08","2012-01-25","N082012-01-25",0.627074043819854,0,0,0,0,0,0,0,2829.406619,0,0.001590415,0
"N08","2012-02-02","N082012-02-02",0.553160247409156,0,0,0,0,0,0,0,2829.406619,0,0.001590415,0
"N08","2012-02-10","N082012-02-10",0.45253164556962,0,0,0,0,0,0,0,2829.406619,0,0.001590415,0
"N08","2012-02-18","N082012-02-18",0.446148971271708,0,0,0,0,0,0,0,2829.406619,0,0.001590415,0
"N08","2012-02-26","N082012-02-26",0.343860531826766,0,0,0,0,25,1,0,2829.406619,0,0.001590415,0
"N08","2012-03-05","N082012-03-05",0.423388369068454,0,0,0,0,0,0,0,2829.406619,0,0.001590415,0
"N08","2012-03-13","N082012-03-13",0.436654451374624,0,0,0,0,0,0,0,2829.406619,0,0.001590415,0
"N08","2012-03-21","N082012-03-21",0.403106515932239,0,0,0,0,0,0,0,2829.406619,0,0.001590415,0
"N08","2012-03-29","N082012-03-29",0.320721932649513,0,0,0,0,0,0,0,2829.406619,0,0.001590415,0
"N08","2012-04-06","N082012-04-06",0.46471513606856,0,0,0,0,0,0,0,2829.406619,0,0.001590415,0
"N08","2012-04-14","N082012-04-14",0.426329461112791,0,0,0,0,2,1,0,2829.406619,0,0.001590415,0
"N08","2012-04-22","N082012-04-22",0.528522071011197,0,0,0,0,0,0,0,2829.406619,0,0.001590415,0
"N08","2012-04-30","N082012-04-30",0.685603740142684,0,0,0,0,0,0,0,2829.406619,0,0.001590415,0
"N08","2012-05-08","N082012-05-08",0.738019473253852,0,0,0,0,0,0,0,2829.406619,0,0.001590415,0
"N08","2012-05-16","N082012-05-16",0.737491186142195,0,0,0,0,0,0,0,2829.406619,0,0.001590415,0
"N08","2012-05-24","N082012-05-24",0.674431232306784,0,0,0,0,1,1,0,2829.406619,0,0.001590415,0
"N08","2012-06-01","N082012-06-01",0.571120979195515,0,0,0,0,0,0,0,2829.406619,0,0.001590415,0
"N08","2012-06-09","N082012-06-09",0.472791083711868,0,0,0,0,0,0,0,2829.406619,0,0.001590415,0
"N08","2012-06-17","N082012-06-17",0.434097586298027,0,0,0,0,0,0,0,2829.406619,0,0.001590415,0
"N08","2012-06-25","N082012-06-25",0.473148846493565,0,0,0,0,0,0,0,2829.406619,0,0.001590415,0
"N08","2012-07-03","N082012-07-03",0.373113357301757,0,0,0,0,0,0,0,2829.406619,0,0.001590415,0
"N08","2012-07-11","N082012-07-11",0.352240772186713,0,0,0,0,0,0,0,2829.406619,0,0.001590415,0
"N08","2012-07-19","N082012-07-19",0.299511539038763,0,0,0,0,0,0,0,2829.406619,0,0.001590415,0
"N08","2012-07-27","N082012-07-27",0.300566599829447,0,0,0,0,0,0,0,2829.406619,0,0.001590415,0
"N08","2012-08-04","N082012-08-04",0.291059534545614,0,0,0,0,0,0,0,2829.406619,0,0.001590415,0
"N08","2012-08-12","N082012-08-12",0.301489921121823,2,1,0,0,0,0,0,2829.406619,0,0.001590415,0
"N08","2012-08-20","N082012-08-20",0.294516445519608,0,0,0,0,0,0,0,2829.406619,0,0.001590415,0
"N08","2012-08-28","N082012-08-28",0.296177637568048,0,0,0,0,0,0,0,2829.406619,0,0.001590415,0
"N08","2012-09-05","N082012-09-05",0.296177637568048,0,0,0,0,0,0,0,2829.406619,0,0.001590415,0
"N08","2012-09-13","N082012-09-13",0.279214880453487,0,0,0,0,0,0,0,2829.406619,0,0.001590415,0
"N08","2012-09-21","N082012-09-21",0.252346444026034,0,0,0,0,0,0,0,2829.406619,0,0.001590415,0
"N08","2012-09-29","N082012-09-29",0.250807278440939,0,0,0,0,0,0,0,2829.406619,0,0.001590415,0
"N08","2012-10-07","N082012-10-07",0.249369515701478,0,0,0,0,0,0,0,2829.406619,0,0.001590415,0
"N08","2012-10-15","N082012-10-15",0.29780989314845,0,0,0,0,0,0,0,2829.406619,0,0.001590415,0
"N08","2012-10-23","N082012-10-23",0.282072374686462,0,0,0,0,0,0,0,2829.406619,0,0.001590415,0
"N08","2012-10-31","N082012-10-31",0.231052055482116,0,0,0,0,1,1,0,2829.406619,0,0.001590415,0
"N08","2012-11-08","N082012-11-08",0.448823037572277,0,0,0,0,0,0,0,2829.406619,0,0.001590415,0
"N08","2012-11-16","N082012-11-16",0.401553014833994,0,0,0,0,0,0,0,2829.406619,0,0.001590415,0
"N08","2012-11-24","N082012-11-24",0.365012702869726,0,0,0,0,0,0,0,2829.406619,0,0.001590415,0
"N08","2012-12-02","N082012-12-02",0.326150905280081,1,1,0,0,0,0,0,2829.406619,0,0.001590415,0
"N08","2012-12-10","N082012-12-10",0.394021925704214,0,0,0,0,0,0,0,2829.406619,0,0.001590415,0
"N08","2012-12-18","N082012-12-18",0.118168836577492,0,0,0,0,0,0,0,2829.406619,0,0.001590415,0
"N08","2012-12-26","N082012-12-26",0.410220241846975,0,0,0,0,0,0,0,2829.406619,0,0.001590415,0
"O06","2012-01-01","O062012-01-01",0.73341251971307,0,0,0,0,0,0,0,92.87977741,0,0.002404887,20
"O06","2012-01-09","O062012-01-09",0.717799923306139,0,0,0,0,0,0,0,92.87977741,0,0.002404887,20
"O06","2012-01-17","O062012-01-17",0.635485481216847,0,0,0,0,0,0,0,92.87977741,0,0.002404887,20
"O06","2012-01-25","O062012-01-25",0.560617993210439,0,0,0,0,0,0,0,92.87977741,0,0.002404887,20
"O06","2012-02-02","O062012-02-02",0.477604793244158,0,0,0,0,0,0,0,92.87977741,0,0.002404887,20
"O06","2012-02-10","O062012-02-10",0.451184646919033,0,0,0,0,1,1,0,92.87977741,0,0.002404887,20
"O06","2012-02-18","O062012-02-18",0.380099382436786,0,0,0,0,1,1,0,92.87977741,0,0.002404887,20
"O06","2012-02-26","O062012-02-26",0.470222353560965,0,0,0,0,0,0,0,92.87977741,0,0.002404887,20
"O06","2012-03-05","O062012-03-05",0.460857246046099,0,0,0,0,0,0,0,92.87977741,0,0.002404887,20
"O06","2012-03-13","O062012-03-13",0.48758283619013,0,0,0,0,5,1,0,92.87977741,0,0.002404887,20
"O06","2012-03-21","O062012-03-21",0.412339150900124,0,0,0,0,0,0,0,92.87977741,0,0.002404887,20
"O06","2012-03-29","O062012-03-29",0.355226121934107,0,0,0,0,0,0,0,92.87977741,0,0.002404887,20
"O06","2012-04-06","O062012-04-06",0.475020532685603,0,0,0,0,0,0,0,92.87977741,0,0.002404887,20
"O06","2012-04-14","O062012-04-14",0.422746209200439,0,0,0,0,30,1,0,92.87977741,0,0.002404887,20
"O06","2012-04-22","O062012-04-22",0.592773257097866,0,0,0,0,3,1,0,92.87977741,0,0.002404887,20
"O06","2012-04-30","O062012-04-30",0.635393520659406,0,0,1,1,0,0,0,92.87977741,0,0.002404887,20
"O06","2012-05-08","O062012-05-08",0.695776913361464,0,0,0,0,1,1,0,92.87977741,0,0.002404887,20
"O06","2012-05-16","O062012-05-16",0.66231170787999,0,0,0,0,0,0,0,92.87977741,0,0.002404887,20
"O06","2012-05-24","O062012-05-24",0.678670524068978,0,0,0,0,5,1,0,92.87977741,0,0.002404887,20
"O06","2012-06-01","O062012-06-01",0.565602550619049,0,0,0,0,0,0,0,92.87977741,0,0.002404887,20
"O06","2012-06-09","O062012-06-09",0.497610553261573,0,0,0,0,2,1,0,92.87977741,0,0.002404887,20
"O06","2012-06-17","O062012-06-17",0.474882196809203,0,0,0,0,0,0,0,92.87977741,0,0.002404887,20
"O06","2012-06-25","O062012-06-25",0.50318594875589,0,0,0,0,0,0,0,92.87977741,0,0.002404887,20
"O06","2012-07-03","O062012-07-03",0.443920022067971,0,0,0,0,3,1,0,92.87977741,0,0.002404887,20
"O06","2012-07-11","O062012-07-11",0.373510382665596,0,0,0,0,0,0,0,92.87977741,0,0.002404887,20
"O06","2012-07-19","O062012-07-19",0.324502360207586,0,0,0,0,0,0,0,92.87977741,0,0.002404887,20
"O06","2012-07-27","O062012-07-27",0.3366739563415,0,0,0,0,0,0,0,92.87977741,0,0.002404887,20
"O06","2012-08-04","O062012-08-04",0.321761289368574,0,0,0,0,0,0,0,92.87977741,0,0.002404887,20
"O06","2012-08-12","O062012-08-12",0.29358244440867,0,0,0,0,0,0,0,92.87977741,0,0.002404887,20
"O06","2012-08-20","O062012-08-20",0.287767459763331,0,0,0,0,0,0,0,92.87977741,0,0.002404887,20
"O06","2012-08-28","O062012-08-28",0.3428089081643,0,0,0,0,0,0,0,92.87977741,0,0.002404887,20
"O06","2012-09-05","O062012-09-05",0.3428089081643,0,0,0,0,0,0,0,92.87977741,0,0.002404887,20
"O06","2012-09-13","O062012-09-13",0.310206797978104,0,0,0,0,0,0,0,92.87977741,0,0.002404887,20
"O06","2012-09-21","O062012-09-21",0.28211745637342,0,0,0,0,0,0,0,92.87977741,0,0.002404887,20
"O06","2012-09-29","O062012-09-29",0.27275647025237,0,0,0,0,0,0,0,92.87977741,0,0.002404887,20
"O06","2012-10-07","O062012-10-07",0.277940383269711,0,0,0,0,0,0,0,92.87977741,0,0.002404887,20
"O06","2012-10-15","O062012-10-15",0.309053113573294,0,0,0,0,4,1,0,92.87977741,0,0.002404887,20
"O06","2012-10-23","O062012-10-23",0.282379268955448,0,0,0,0,0,0,0,92.87977741,0,0.002404887,20
"O06","2012-10-31","O062012-10-31",0.48649698521677,0,0,0,0,6,1,0,92.87977741,0,0.002404887,20
"O06","2012-11-08","O062012-11-08",0.483753574213673,0,0,0,0,26,1,0,92.87977741,0,0.002404887,20
"O06","2012-11-16","O062012-11-16",0.392532683228682,0,0,5,1,127,1,0,92.87977741,0,0.002404887,20
"O06","2012-11-24","O062012-11-24",0.393048905993139,0,0,0,0,0,0,0,92.87977741,0,0.002404887,20
"O06","2012-12-02","O062012-12-02",0.33598390168415,0,0,0,0,1,1,0,92.87977741,0,0.002404887,20
"O06","2012-12-10","O062012-12-10",0.398825821955931,0,0,0,0,2,1,0,92.87977741,0,0.002404887,20
"O06","2012-12-18","O062012-12-18",0.422895590300966,0,0,0,0,0,0,0,92.87977741,0,0.002404887,20
"O06","2012-12-26","O062012-12-26",0.241440807309369,0,0,0,0,0,0,0,92.87977741,0,0.002404887,20
"S08","2012-01-01","S082012-01-01",0.753723241211187,0,0,0,0,0,0,0,1973.884764,0,0.002100001,500
"S08","2012-01-09","S082012-01-09",0.707358702751121,0,0,0,0,0,0,0,1973.884764,0,0.002100001,500
"S08","2012-01-17","S082012-01-17",0.591113107049316,0,0,0,0,0,0,0,1973.884764,0,0.002100001,500
"S08","2012-01-25","S082012-01-25",0.561629508619285,0,0,0,0,0,0,0,1973.884764,0,0.002100001,500
"S08","2012-02-02","S082012-02-02",0.45025925098531,0,0,0,0,0,0,0,1973.884764,0,0.002100001,500
"S08","2012-02-10","S082012-02-10",0.413465380227584,0,0,0,0,0,0,0,1973.884764,0,0.002100001,500
"S08","2012-02-18","S082012-02-18",0.39949049490976,0,0,0,0,0,0,0,1973.884764,0,0.002100001,500
"S08","2012-02-26","S082012-02-26",0.433862433862434,0,0,0,0,20,1,0,1973.884764,0,0.002100001,500
"S08","2012-03-05","S082012-03-05",0.424353191845694,0,0,0,0,2,1,0,1973.884764,0,0.002100001,500
"S08","2012-03-13","S082012-03-13",0.466798608381911,0,0,0,0,1,1,0,1973.884764,0,0.002100001,500
"S08","2012-03-21","S082012-03-21",0.392086709756325,0,0,0,0,0,0,0,1973.884764,0,0.002100001,500
"S08","2012-03-29","S082012-03-29",0.322430687864488,0,0,0,0,0,0,0,1973.884764,0,0.002100001,500
"S08","2012-04-06","S082012-04-06",0.493741080578428,0,0,0,0,2,1,0,1973.884764,0,0.002100001,500
"S08","2012-04-14","S082012-04-14",0.331848888285366,0,0,0,0,8,1,0,1973.884764,0,0.002100001,500
"S08","2012-04-22","S082012-04-22",0.452761424165966,0,0,0,0,15,1,0,1973.884764,0,0.002100001,500
"S08","2012-04-30","S082012-04-30",0.639972447495345,0,0,0,0,0,0,0,1973.884764,0,0.002100001,500
"S08","2012-05-08","S082012-05-08",0.692711886418245,0,0,0,0,0,0,0,1973.884764,0,0.002100001,500
"S08","2012-05-16","S082012-05-16",0.701084659689225,0,0,0,0,1,1,0,1973.884764,0,0.002100001,500
"S08","2012-05-24","S082012-05-24",0.640979147778785,0,0,0,0,0,0,0,1973.884764,0,0.002100001,500
"S08","2012-06-01","S082012-06-01",0.515533046491141,0,0,0,0,0,0,0,1973.884764,0,0.002100001,500
"S08","2012-06-09","S082012-06-09",0.455056120960146,0,0,0,0,0,0,0,1973.884764,0,0.002100001,500
"S08","2012-06-17","S082012-06-17",0.404678095791093,0,0,0,0,0,0,0,1973.884764,0,0.002100001,500
"S08","2012-06-25","S082012-06-25",0.366478340297121,0,0,0,0,0,0,0,1973.884764,0,0.002100001,500
"S08","2012-07-03","S082012-07-03",0.327370055014473,3,1,0,0,0,0,0,1973.884764,0,0.002100001,500
"S08","2012-07-11","S082012-07-11",0.283787159266226,0,0,0,0,0,0,0,1973.884764,0,0.002100001,500
"S08","2012-07-19","S082012-07-19",0.269304830281912,1,1,0,0,0,0,0,1973.884764,0,0.002100001,500
"S08","2012-07-27","S082012-07-27",0.25252915280557,0,0,0,0,0,0,0,1973.884764,0,0.002100001,500
"S08","2012-08-04","S082012-08-04",0.241533976134607,0,0,0,0,0,0,0,1973.884764,0,0.002100001,500
"S08","2012-08-12","S082012-08-12",0.271000537389282,1,1,0,0,0,0,0,1973.884764,0,0.002100001,500
"S08","2012-08-20","S082012-08-20",0.263560742614279,0,0,0,0,0,0,0,1973.884764,0,0.002100001,500
"S08","2012-08-28","S082012-08-28",0.314679313729647,0,0,0,0,0,0,0,1973.884764,0,0.002100001,500
"S08","2012-09-05","S082012-09-05",0.314679313729647,0,0,0,0,0,0,0,1973.884764,0,0.002100001,500
"S08","2012-09-13","S082012-09-13",0.337879145177751,0,0,0,0,0,0,0,1973.884764,0,0.002100001,500
"S08","2012-09-21","S082012-09-21",0.295506458660273,0,0,0,0,0,0,0,1973.884764,0,0.002100001,500
"S08","2012-09-29","S082012-09-29",0.282624854659914,0,0,0,0,0,0,0,1973.884764,0,0.002100001,500
"S08","2012-10-07","S082012-10-07",0.259475620200316,0,0,0,0,0,0,0,1973.884764,0,0.002100001,500
"S08","2012-10-15","S082012-10-15",0.278354772603335,0,0,0,0,0,0,0,1973.884764,0,0.002100001,500
"S08","2012-10-23","S082012-10-23",0.264064659675185,0,0,0,0,0,0,0,1973.884764,0,0.002100001,500
"S08","2012-10-31","S082012-10-31",0.627790700905773,0,0,0,0,3,1,0,1973.884764,0,0.002100001,500
"S08","2012-11-08","S082012-11-08",0.551479790535138,0,0,0,0,3,1,0,1973.884764,0,0.002100001,500
"S08","2012-11-16","S082012-11-16",0.577839472958277,0,0,0,0,1,1,0,1973.884764,0,0.002100001,500
"S08","2012-11-24","S082012-11-24",0.485555725166404,0,0,0,0,0,0,0,1973.884764,0,0.002100001,500
"S08","2012-12-02","S082012-12-02",0.386138825073509,0,0,0,0,0,0,0,1973.884764,0,0.002100001,500
"S08","2012-12-10","S082012-12-10",0.502151206000409,0,0,0,0,1,1,0,1973.884764,0,0.002100001,500
"S08","2012-12-18","S082012-12-18",0.487021880959099,0,0,0,0,2,1,0,1973.884764,0,0.002100001,500
"S08","2012-12-26","S082012-12-26",0.180563359963089,0,0,0,0,0,0,0,1973.884764,0,0.002100001,500
"U10","2012-01-01","U102012-01-01",0.644947319598674,0,0,0,0,0,0,0,35.27550457,0,0.000711745,2
"U10","2012-01-09","U102012-01-09",0.586990577737998,0,0,0,0,0,0,0,35.27550457,0,0.000711745,2
"U10","2012-01-17","U102012-01-17",0.544921943441603,0,0,0,0,0,0,0,35.27550457,0,0.000711745,2
"U10","2012-01-25","U102012-01-25",0.475398924288668,0,0,0,0,0,0,0,35.27550457,0,0.000711745,2
"U10","2012-02-02","U102012-02-02",0.402385158721024,0,0,0,0,1,1,0,35.27550457,0,0.000711745,2
"U10","2012-02-10","U102012-02-10",0.389641152607054,8,1,0,0,1,1,0,35.27550457,0,0.000711745,2
"U10","2012-02-18","U102012-02-18",0.375633734386027,0,0,0,0,0,0,0,35.27550457,0,0.000711745,2
"U10","2012-02-26","U102012-02-26",0.476614611763981,0,0,0,0,20,1,0,35.27550457,0,0.000711745,2
"U10","2012-03-05","U102012-03-05",0.470283104968866,0,0,0,0,16,1,0,35.27550457,0,0.000711745,2
"U10","2012-03-13","U102012-03-13",0.478029443775487,0,0,0,0,9,1,0,35.27550457,0,0.000711745,2
"U10","2012-03-21","U102012-03-21",0.468332519696382,0,0,0,0,0,0,0,35.27550457,0,0.000711745,2
"U10","2012-03-29","U102012-03-29",0.382623127780114,0,0,0,0,1,1,0,35.27550457,0,0.000711745,2
"U10","2012-04-06","U102012-04-06",0.5151150746398,0,0,0,0,7,1,0,35.27550457,0,0.000711745,2
"U10","2012-04-14","U102012-04-14",0.299999217861738,0,0,0,0,2,1,0,35.27550457,0,0.000711745,2
"U10","2012-04-22","U102012-04-22",0.568028978088606,0,0,0,0,10,1,0,35.27550457,0,0.000711745,2
"U10","2012-04-30","U102012-04-30",0.610322535861457,1,1,0,0,0,0,0,35.27550457,0,0.000711745,2
"U10","2012-05-08","U102012-05-08",0.632503318385304,0,0,0,0,13,1,0,35.27550457,0,0.000711745,2
"U10","2012-05-16","U102012-05-16",0.589940557698428,0,0,0,0,25,1,0,35.27550457,0,0.000711745,2
"U10","2012-05-24","U102012-05-24",0.561779334186048,0,0,0,0,1,1,0,35.27550457,0,0.000711745,2
"U10","2012-06-01","U102012-06-01",0.513952759018206,0,0,6,1,17,1,0,35.27550457,0,0.000711745,2
"U10","2012-06-09","U102012-06-09",0.470679792630869,0,0,0,0,19,1,0,35.27550457,0,0.000711745,2
"U10","2012-06-17","U102012-06-17",0.451350293421128,0,0,0,0,19,1,0,35.27550457,0,0.000711745,2
"U10","2012-06-25","U102012-06-25",0.454266873738249,0,0,0,0,0,0,0,35.27550457,0,0.000711745,2
"U10","2012-07-03","U102012-07-03",0.407781061663849,0,0,0,0,0,0,0,35.27550457,0,0.000711745,2
"U10","2012-07-11","U102012-07-11",0.361820178943101,6,1,2,1,0,0,0,35.27550457,0,0.000711745,2
"U10","2012-07-19","U102012-07-19",0.346088909021391,0,0,0,0,0,0,0,35.27550457,0,0.000711745,2
"U10","2012-07-27","U102012-07-27",0.313744610998964,10,1,4,1,0,0,0,35.27550457,0,0.000711745,2
"U10","2012-08-04","U102012-08-04",0.294064524483692,1,1,0,0,0,0,0,35.27550457,0,0.000711745,2
"U10","2012-08-12","U102012-08-12",0.303422196064685,1,1,0,0,0,0,0,35.27550457,0,0.000711745,2
"U10","2012-08-20","U102012-08-20",0.325446885874577,0,0,0,0,0,0,0,35.27550457,0,0.000711745,2
"U10","2012-08-28","U102012-08-28",0.32975440475528,0,0,0,0,0,0,0,35.27550457,0,0.000711745,2
"U10","2012-09-05","U102012-09-05",0.32975440475528,0,0,0,0,0,0,0,35.27550457,0,0.000711745,2
"U10","2012-09-13","U102012-09-13",0.308820047528433,0,0,0,0,0,0,0,35.27550457,0,0.000711745,2
"U10","2012-09-21","U102012-09-21",0.262544119098145,0,0,1,1,0,0,0,35.27550457,0,0.000711745,2
"U10","2012-09-29","U102012-09-29",0.26396779753161,0,0,0,0,0,0,0,35.27550457,0,0.000711745,2
"U10","2012-10-07","U102012-10-07",0.244626329977183,0,0,0,0,0,0,0,35.27550457,0,0.000711745,2
"U10","2012-10-15","U102012-10-15",0.272957935407814,0,0,0,0,0,0,0,35.27550457,0,0.000711745,2
"U10","2012-10-23","U102012-10-23",0.251565029405057,0,0,0,0,0,0,0,35.27550457,0,0.000711745,2
"U10","2012-10-31","U102012-10-31",0.408044982106679,0,0,0,0,49,1,0,35.27550457,0,0.000711745,2
"U10","2012-11-08","U102012-11-08",0.423721493258454,1,1,0,0,116,1,0,35.27550457,0,0.000711745,2
"U10","2012-11-16","U102012-11-16",0.40269117164424,0,0,0,0,19,1,0,35.27550457,0,0.000711745,2
"U10","2012-11-24","U102012-11-24",0.384819982395309,1,1,0,0,0,0,0,35.27550457,0,0.000711745,2
"U10","2012-12-02","U102012-12-02",0.338117803241737,0,0,0,0,3,1,0,35.27550457,0,0.000711745,2
"U10","2012-12-10","U102012-12-10",0.422064656340161,0,0,0,0,49,1,0,35.27550457,0,0.000711745,2
"U10","2012-12-18","U102012-12-18",0.340594969310208,0,0,0,0,8,1,0,35.27550457,0,0.000711745,2
"U10","2012-12-26","U102012-12-26",0.211868894622814,0,0,0,0,87,1,0,35.27550457,0,0.000711745,2
